id,round_id,participant_id,signal_value,theta,posterior,delivered,delivered_at,rng_seed
1,1,P05,L,0.65,0.35,false,2026-05-29 13:31:03.91975+00,0a0fbc41df694d3b
2,1,P01,H,0.65,0.65,false,2026-05-29 13:31:03.91975+00,a2cdace693fdda06
3,1,P09,L,0.65,0.35,false,2026-05-29 13:31:03.91975+00,1bb14057d0a6fa31
4,1,P08,L,0.65,0.35,false,2026-05-29 13:31:03.91975+00,3977debc993d01e7
5,1,P03,H,0.65,0.65,false,2026-05-29 13:31:03.91975+00,bfda46e4c30f498e
6,1,P07,L,0.65,0.35,false,2026-05-29 13:31:03.91975+00,d7ed2e5e1123d2cf
7,1,P04,H,0.65,0.65,false,2026-05-29 13:31:03.91975+00,f0d57d7b2d5f7d31
8,1,P02,L,0.65,0.35,false,2026-05-29 13:31:03.91975+00,e8b3a078453ddc6c
9,1,P06,H,0.65,0.65,false,2026-05-29 13:31:03.91975+00,6d7610c3a64e2672
10,2,P03,L,0.65,0.35,false,2026-05-29 13:31:05.332022+00,b027b12cb71faa0d
11,2,P02,L,0.65,0.35,false,2026-05-29 13:31:05.332022+00,1171b94a11b0763d
12,2,P08,L,0.65,0.35,false,2026-05-29 13:31:05.332022+00,9c7f9d0f1f320049
13,2,P01,L,0.65,0.35,false,2026-05-29 13:31:05.332022+00,d42a507836bd3825
14,2,P06,L,0.65,0.35,false,2026-05-29 13:31:05.332022+00,6d5d28bae77d7014
15,2,P04,H,0.65,0.65,false,2026-05-29 13:31:05.332022+00,a222029c5df1822c
16,2,P09,L,0.65,0.35,false,2026-05-29 13:31:05.332022+00,d4ca9422ecc565ff
17,2,P05,L,0.65,0.35,false,2026-05-29 13:31:05.332022+00,531177b3ddb3c5c0
18,2,P07,L,0.65,0.35,false,2026-05-29 13:31:05.332022+00,5d557fbe9deb1c76
19,3,P01,H,0.65,0.65,false,2026-05-29 13:34:25.74096+00,1ba263783a5193fb
20,3,P02,L,0.65,0.35,false,2026-05-29 13:34:25.74096+00,3f643256c912999d
21,3,P03,L,0.65,0.35,false,2026-05-29 13:34:25.74096+00,277c22059ecaacaf
22,3,P04,L,0.65,0.35,false,2026-05-29 13:34:25.74096+00,d33ae4b195554d03
23,3,P05,L,0.65,0.35,false,2026-05-29 13:34:25.74096+00,665e4d7c036dca6f
24,3,P06,H,0.65,0.65,false,2026-05-29 13:34:25.74096+00,f442809a84ee3ee1
25,3,P07,H,0.65,0.65,false,2026-05-29 13:34:25.74096+00,f768fbba6130d78a
26,3,P08,H,0.65,0.65,false,2026-05-29 13:34:25.74096+00,3fddb062c083fd06
27,3,P09,L,0.65,0.35,false,2026-05-29 13:34:25.74096+00,b715620c1da8d985
28,4,P01,H,0.65,0.65,false,2026-05-29 13:34:27.837544+00,1176c057b51c878a
29,4,P02,L,0.65,0.35,false,2026-05-29 13:34:27.837544+00,913109488280e3ef
30,4,P03,H,0.65,0.65,false,2026-05-29 13:34:27.837544+00,257680c4fe5610e0
31,4,P04,L,0.65,0.35,false,2026-05-29 13:34:27.837544+00,a372dd4fa99a50b9
32,4,P05,L,0.65,0.35,false,2026-05-29 13:34:27.837544+00,09bf620f9c8980d2
33,4,P06,H,0.65,0.65,false,2026-05-29 13:34:27.837544+00,da57908b3548656a
34,4,P07,L,0.65,0.35,false,2026-05-29 13:34:27.837544+00,93e38a0872815293
35,4,P08,H,0.65,0.65,false,2026-05-29 13:34:27.837544+00,1913be83b7b9b7e3
36,4,P09,H,0.65,0.65,false,2026-05-29 13:34:27.837544+00,948d841bd33f3f09
37,5,P04,L,0.65,0.35,false,2026-05-29 13:36:47.320408+00,16c283c85d222087
38,5,P06,H,0.65,0.65,false,2026-05-29 13:36:47.320408+00,d43a9689a88c028f
39,5,P03,L,0.65,0.35,false,2026-05-29 13:36:47.320408+00,0e8472da4b81b7b3
40,5,P07,H,0.65,0.65,false,2026-05-29 13:36:47.320408+00,bf1d88ab4b691804
41,5,P09,L,0.65,0.35,false,2026-05-29 13:36:47.320408+00,b9898301f80077d9
42,5,P08,H,0.65,0.65,false,2026-05-29 13:36:47.320408+00,6bb57ea556d604b9
43,5,P05,H,0.65,0.65,false,2026-05-29 13:36:47.320408+00,e0b95f94c403245d
44,5,P02,L,0.65,0.35,false,2026-05-29 13:36:47.320408+00,809b6595cc2080f2
45,5,P01,L,0.65,0.35,false,2026-05-29 13:36:47.320408+00,a0800780718922b8
46,6,P01,H,0.65,0.65,false,2026-05-29 13:36:49.029889+00,244a11fe30c8913e
47,6,P04,H,0.65,0.65,false,2026-05-29 13:36:49.029889+00,2ea38ba904266509
48,6,P08,H,0.65,0.65,false,2026-05-29 13:36:49.029889+00,d9c47d7ac6b40d8f
49,6,P02,L,0.65,0.35,false,2026-05-29 13:36:49.029889+00,5500a2223fd54a6f
50,6,P03,H,0.65,0.65,false,2026-05-29 13:36:49.029889+00,27ae29fc11fccd06
51,6,P06,H,0.65,0.65,false,2026-05-29 13:36:49.029889+00,dcb4de6bae854656
52,6,P05,L,0.65,0.35,false,2026-05-29 13:36:49.029889+00,5d80d735252375d0
53,6,P09,H,0.65,0.65,false,2026-05-29 13:36:49.029889+00,c9f44eb48aa18f2e
54,6,P07,H,0.65,0.65,false,2026-05-29 13:36:49.029889+00,6c9ba2947f5286e7
55,7,P06,L,0.65,0.35,false,2026-05-29 13:38:41.648064+00,5ecb63b5b2d8052e
56,7,P03,H,0.65,0.65,false,2026-05-29 13:38:41.648064+00,9c5c2359fdb7d6dd
57,7,P09,H,0.65,0.65,false,2026-05-29 13:38:41.648064+00,b3e06972a9243d89
58,7,P02,H,0.65,0.65,false,2026-05-29 13:38:41.648064+00,9e017d66793bbc4f
59,7,P08,H,0.65,0.65,false,2026-05-29 13:38:41.648064+00,d1e0599ec3b8bf8a
60,7,P05,H,0.65,0.65,false,2026-05-29 13:38:41.648064+00,cade2c08a0d23d34
61,7,P04,H,0.65,0.65,false,2026-05-29 13:38:41.648064+00,0372aab6155cf088
62,7,P07,H,0.65,0.65,false,2026-05-29 13:38:41.648064+00,2f1622f421d41751
63,7,P01,H,0.65,0.65,false,2026-05-29 13:38:41.648064+00,05cdbe3163e6e5a7
64,8,P07,L,0.65,0.35,false,2026-05-29 13:38:43.814795+00,ffb4fa4eb17d8adc
65,8,P08,L,0.65,0.35,false,2026-05-29 13:38:43.814795+00,acfc629da92ae2d5
66,8,P04,L,0.65,0.35,false,2026-05-29 13:38:43.814795+00,c1a3813785b48010
67,8,P02,H,0.65,0.65,false,2026-05-29 13:38:43.814795+00,40c814b85ce332bf
68,8,P09,H,0.65,0.65,false,2026-05-29 13:38:43.814795+00,c9220aaa61472696
69,8,P05,L,0.65,0.35,false,2026-05-29 13:38:43.814795+00,41872d557c3d9dad
70,8,P06,H,0.65,0.65,false,2026-05-29 13:38:43.814795+00,3522fec0b67a0447
71,8,P01,H,0.65,0.65,false,2026-05-29 13:38:43.814795+00,65d56d3ee09976f1
72,8,P03,L,0.65,0.35,false,2026-05-29 13:38:43.814795+00,3ba34604e2ed1adc
73,9,P03,L,0.65,0.35,false,2026-05-29 13:40:30.908202+00,93d909e70e94d63f
74,9,P09,H,0.65,0.65,false,2026-05-29 13:40:30.908202+00,be4d39bf03a6b325
75,9,P04,H,0.65,0.65,false,2026-05-29 13:40:30.908202+00,01e86dfb3e682efd
76,9,P02,L,0.65,0.35,false,2026-05-29 13:40:30.908202+00,2257a88b51431ecd
77,9,P06,L,0.65,0.35,false,2026-05-29 13:40:30.908202+00,48fb5fedc828fe66
78,9,P05,L,0.65,0.35,false,2026-05-29 13:40:30.908202+00,56fbf6f97868c341
79,9,P08,H,0.65,0.65,false,2026-05-29 13:40:30.908202+00,3b09362ae239e466
80,9,P07,L,0.65,0.35,false,2026-05-29 13:40:30.908202+00,1773b63f61f4fdea
81,9,P01,H,0.65,0.65,false,2026-05-29 13:40:30.908202+00,02a0e8a3e69ba058
82,10,P05,H,0.65,0.65,false,2026-05-29 13:40:32.591124+00,c3dc663f8d115a07
83,10,P01,H,0.65,0.65,false,2026-05-29 13:40:32.591124+00,f52ed82f366764db
84,10,P04,L,0.65,0.35,false,2026-05-29 13:40:32.591124+00,331f048100703b45
85,10,P09,H,0.65,0.65,false,2026-05-29 13:40:32.591124+00,8f60f18212d860a2
86,10,P07,H,0.65,0.65,false,2026-05-29 13:40:32.591124+00,6157efeb0793371d
87,10,P02,H,0.65,0.65,false,2026-05-29 13:40:32.591124+00,870e41e3d55a4e90
88,10,P08,H,0.65,0.65,false,2026-05-29 13:40:32.591124+00,59d5543d76811fe7
89,10,P03,H,0.65,0.65,false,2026-05-29 13:40:32.591124+00,0a0108185c856193
90,10,P06,L,0.65,0.35,false,2026-05-29 13:40:32.591124+00,42ff5f8cfd2ecb3f
91,11,P01,H,0.65,0.65,false,2026-05-29 13:42:15.345723+00,eeac9cdb6b654e4e
92,11,P03,H,0.65,0.65,false,2026-05-29 13:42:15.345723+00,0c8fd93a039b4561
93,11,P05,H,0.65,0.65,false,2026-05-29 13:42:15.345723+00,5d3c36cf1194e2d6
94,11,P06,H,0.65,0.65,false,2026-05-29 13:42:15.345723+00,e782743c6b020540
95,11,P04,H,0.65,0.65,false,2026-05-29 13:42:15.345723+00,46b0b37e9cb5730f
96,11,P07,L,0.65,0.35,false,2026-05-29 13:42:15.345723+00,89e1cd80a231f0f8
97,11,P02,H,0.65,0.65,false,2026-05-29 13:42:15.345723+00,e930f82adce32b1f
98,11,P09,H,0.65,0.65,false,2026-05-29 13:42:15.345723+00,12004b8724b0d9c6
99,11,P08,H,0.65,0.65,false,2026-05-29 13:42:15.345723+00,3c6db6059c058082
100,12,P09,H,0.65,0.65,false,2026-05-29 13:42:17.190316+00,e568a14ca95afe6b
101,12,P02,L,0.65,0.35,false,2026-05-29 13:42:17.190316+00,9386ba14c67cb3b5
102,12,P04,L,0.65,0.35,false,2026-05-29 13:42:17.190316+00,d73ad57579088a8a
103,12,P01,L,0.65,0.35,false,2026-05-29 13:42:17.190316+00,52f757b85a5fc6fd
104,12,P05,H,0.65,0.65,false,2026-05-29 13:42:17.190316+00,bdcd8e24ba8486de
105,12,P06,H,0.65,0.65,false,2026-05-29 13:42:17.190316+00,dd86033c6ff2e308
106,12,P03,H,0.65,0.65,false,2026-05-29 13:42:17.190316+00,8fafc1ce0df6522f
107,12,P07,L,0.65,0.35,false,2026-05-29 13:42:17.190316+00,38c0fa448c229861
108,12,P08,H,0.65,0.65,false,2026-05-29 13:42:17.190316+00,c7f9395fc6e2e1cc
109,13,P05,L,0.85,0.15,true,2026-05-29 13:48:10.811409+00,a6a5256cc7a03b51
110,13,P07,L,0.85,0.15,true,2026-05-29 13:48:10.811409+00,0cdc6ba6fc213126
111,13,P09,L,0.85,0.15,true,2026-05-29 13:48:10.811409+00,32ec00dc5781c489
112,14,P01,L,0.85,0.15,true,2026-05-29 13:48:12.433225+00,ab95815580a90412
113,14,P03,H,0.85,0.85,true,2026-05-29 13:48:12.433225+00,ec15f42ae158e93e
114,14,P06,H,0.85,0.85,true,2026-05-29 13:48:12.433225+00,0dda843c76527b36
115,15,P07,H,0.85,0.85,true,2026-05-29 13:50:07.516271+00,3a8f80877f035f40
116,15,P09,L,0.85,0.15,true,2026-05-29 13:50:07.516271+00,18c3755a3dadb66c
117,15,P05,L,0.85,0.15,true,2026-05-29 13:50:07.516271+00,391ef5ece34b711f
118,16,P01,H,0.85,0.85,true,2026-05-29 13:50:09.037801+00,4510757f93b56624
119,16,P03,H,0.85,0.85,true,2026-05-29 13:50:09.037801+00,f834e7da59fd674a
120,16,P06,H,0.85,0.85,true,2026-05-29 13:50:09.037801+00,b38c712306fc4cff
121,17,P01,H,0.85,0.85,true,2026-05-29 13:51:56.381714+00,d3a148666edb884a
122,17,P03,L,0.85,0.15,true,2026-05-29 13:51:56.381714+00,3d69f8c5efeecf95
123,17,P06,H,0.85,0.85,true,2026-05-29 13:51:56.381714+00,e50efe37b1e1a159
124,18,P07,L,0.85,0.15,true,2026-05-29 13:51:57.839609+00,1cc05fc40666004e
125,18,P05,L,0.85,0.15,true,2026-05-29 13:51:57.839609+00,1fa371b2f1e0f01b
126,18,P09,L,0.85,0.15,true,2026-05-29 13:51:57.839609+00,bb679590a3146754
127,20,P01,L,0.85,0.15,true,2026-05-29 13:53:43.798596+00,452a74332a9f6e9c
128,20,P06,H,0.85,0.85,true,2026-05-29 13:53:43.798596+00,ab2233e32d9074d5
129,20,P03,L,0.85,0.15,true,2026-05-29 13:53:43.798596+00,ade4f0ee0436ce88
130,21,P05,L,0.85,0.15,true,2026-05-29 13:53:45.589046+00,c7865b2479df4c3d
131,21,P09,L,0.85,0.15,true,2026-05-29 13:53:45.589046+00,de694601a5192a62
132,21,P07,L,0.85,0.15,true,2026-05-29 13:53:45.589046+00,ea6c71658a3f99e8
133,22,P06,H,0.85,0.85,true,2026-05-29 13:55:27.056724+00,1b2cc9761ae4edad
134,22,P03,H,0.85,0.85,true,2026-05-29 13:55:27.056724+00,d8eef53ede90cd33
135,22,P01,H,0.85,0.85,true,2026-05-29 13:55:27.056724+00,3b362b4cb9573fdd
136,23,P05,L,0.85,0.15,true,2026-05-29 13:55:28.463167+00,3ea1af5ae9224ba4
137,23,P07,H,0.85,0.85,true,2026-05-29 13:55:28.463167+00,0d26704a4c36c472
138,23,P09,H,0.85,0.85,true,2026-05-29 13:55:28.463167+00,4cc04846cc017279
139,34,P03,H,0.85,0.85,true,2026-05-29 14:09:59.135582+00,e629d393f6c952dc
140,34,P04,H,0.85,0.85,true,2026-05-29 14:09:59.135582+00,86f54be6c745d2be
141,34,P05,L,0.85,0.15,true,2026-05-29 14:09:59.135582+00,847085a235abbea7
142,35,P02,L,0.85,0.15,true,2026-05-29 14:10:00.627002+00,dde295cafc412a43
143,35,P05,H,0.85,0.85,true,2026-05-29 14:10:00.627002+00,249813856b7c8373
144,35,P08,L,0.85,0.15,true,2026-05-29 14:10:00.627002+00,23afea6cad27fa5e
145,36,P03,H,0.85,0.85,true,2026-05-29 14:11:49.928547+00,4c0d5758f50515b4
146,36,P05,H,0.85,0.85,true,2026-05-29 14:11:49.928547+00,9d03772d511e9846
147,36,P04,H,0.85,0.85,true,2026-05-29 14:11:49.928547+00,002a236f2a792811
148,37,P05,L,0.85,0.15,true,2026-05-29 14:11:51.198544+00,8f16934ff111cada
149,37,P08,L,0.85,0.15,true,2026-05-29 14:11:51.198544+00,7ac792fb79240f4f
150,37,P02,L,0.85,0.15,true,2026-05-29 14:11:51.198544+00,95ff38750f179b5f
151,38,P05,L,0.85,0.15,true,2026-05-29 14:13:33.281487+00,88a97769de8e7e34
152,38,P02,L,0.85,0.15,true,2026-05-29 14:13:33.281487+00,b399aec313392f4e
153,38,P08,L,0.85,0.15,true,2026-05-29 14:13:33.281487+00,5babb6d79586bc44
154,39,P04,H,0.85,0.85,true,2026-05-29 14:13:34.632818+00,f72cc751a2add508
155,39,P03,L,0.85,0.15,true,2026-05-29 14:13:34.632818+00,52a9a83503ce5364
156,39,P05,H,0.85,0.85,true,2026-05-29 14:13:34.632818+00,0402383aa8270b5e
157,40,P08,L,0.85,0.15,true,2026-05-29 14:15:18.160105+00,c8f04789e0c0d52a
158,40,P05,L,0.85,0.15,true,2026-05-29 14:15:18.160105+00,cf306ae5cb495595
159,40,P02,L,0.85,0.15,true,2026-05-29 14:15:18.160105+00,55d93e41e247e277
160,41,P05,H,0.85,0.85,true,2026-05-29 14:15:19.779351+00,26d778ef4ea1c411
161,41,P04,H,0.85,0.85,true,2026-05-29 14:15:19.779351+00,ea77cb4f64cc2f5f
162,41,P03,H,0.85,0.85,true,2026-05-29 14:15:19.779351+00,21b6ada78ad6b3de
163,42,P05,H,0.85,0.85,true,2026-05-29 14:17:32.298513+00,35acce4dbc1016c6
164,42,P03,H,0.85,0.85,true,2026-05-29 14:17:32.298513+00,f4297f326128a267
165,42,P04,L,0.85,0.15,true,2026-05-29 14:17:32.298513+00,4cb7c23ee0de1f00
166,43,P08,L,0.85,0.15,true,2026-05-29 14:17:33.734071+00,ded1b01d14bd2a5f
167,43,P05,L,0.85,0.15,true,2026-05-29 14:17:33.734071+00,32d905c31ad2e349
168,43,P02,L,0.85,0.15,true,2026-05-29 14:17:33.734071+00,37f4a2fc336aa2ba
