id,round_id,participant_id,signal_value,theta,posterior,delivered,delivered_at,rng_seed,market_id
1,1,P01,H,0.65,0.65,0,2026-06-01 12:20:47,a2cdace693fdda06,1
2,1,P02,L,0.65,0.35,0,2026-06-01 12:20:47,e8b3a078453ddc6c,1
3,1,P03,H,0.65,0.65,0,2026-06-01 12:20:47,bfda46e4c30f498e,1
4,1,P04,H,0.65,0.65,0,2026-06-01 12:20:47,f0d57d7b2d5f7d31,1
5,1,P05,L,0.65,0.35,0,2026-06-01 12:20:47,0a0fbc41df694d3b,1
6,1,P06,H,0.65,0.65,0,2026-06-01 12:20:47,6d7610c3a64e2672,1
7,1,P07,L,0.65,0.35,0,2026-06-01 12:20:47,d7ed2e5e1123d2cf,1
8,1,P08,L,0.65,0.35,0,2026-06-01 12:20:47,3977debc993d01e7,1
9,1,P09,L,0.65,0.35,0,2026-06-01 12:20:47,1bb14057d0a6fa31,1
10,2,P01,L,0.65,0.35,0,2026-06-01 12:20:49,76ee015b1dbc95ed,2
11,2,P02,H,0.65,0.65,0,2026-06-01 12:20:49,6dbd9af286638479,2
12,2,P03,H,0.65,0.65,0,2026-06-01 12:20:49,7976598b8febf090,2
13,2,P04,H,0.65,0.65,0,2026-06-01 12:20:49,4c653e24b23fb169,2
14,2,P05,H,0.65,0.65,0,2026-06-01 12:20:49,1f93f500510a95a3,2
15,2,P06,L,0.65,0.35,0,2026-06-01 12:20:49,dcbbda42bda663da,2
16,2,P07,H,0.65,0.65,0,2026-06-01 12:20:49,ba5aebab89f44101,2
17,2,P08,H,0.65,0.65,0,2026-06-01 12:20:49,824fca8ec6bd7ced,2
18,2,P09,H,0.65,0.65,0,2026-06-01 12:20:49,515413780b584549,2
19,3,P01,H,0.65,0.65,0,2026-06-01 12:20:50,04d65c4870f5516e,2
20,3,P02,H,0.65,0.65,0,2026-06-01 12:20:50,570dde5d572b74ae,2
21,3,P03,H,0.65,0.65,0,2026-06-01 12:20:50,8d8b042d57b029fa,2
22,3,P04,L,0.65,0.35,0,2026-06-01 12:20:50,aee29bbc6d4cacf7,2
23,3,P05,H,0.65,0.65,0,2026-06-01 12:20:50,1d74165a6ccba5bc,2
24,3,P06,H,0.65,0.65,0,2026-06-01 12:20:50,b2c928dce5005f36,2
25,3,P07,H,0.65,0.65,0,2026-06-01 12:20:50,df8f4426d3ffa13c,2
26,3,P08,L,0.65,0.35,0,2026-06-01 12:20:50,30606729343e648f,2
27,3,P09,H,0.65,0.65,0,2026-06-01 12:20:50,ca4a1179bf656f8f,2
28,4,P01,H,0.65,0.65,0,2026-06-01 12:20:51,ea7d89eac140f1d8,2
29,4,P02,H,0.65,0.65,0,2026-06-01 12:20:51,72246b2f3b8a83cc,2
30,4,P03,H,0.65,0.65,0,2026-06-01 12:20:51,535c4e5a6de678ac,2
31,4,P04,H,0.65,0.65,0,2026-06-01 12:20:51,a5e4208793fb080c,2
32,4,P05,H,0.65,0.65,0,2026-06-01 12:20:51,73e8dfe32304cbac,2
33,4,P06,H,0.65,0.65,0,2026-06-01 12:20:51,5a877aa6731796ad,2
34,4,P07,H,0.65,0.65,0,2026-06-01 12:20:51,c80c9b1dc5b33405,2
35,4,P08,L,0.65,0.35,0,2026-06-01 12:20:51,139114489be28ce1,2
36,4,P09,H,0.65,0.65,0,2026-06-01 12:20:51,76e7c69eebb6ca06,2
37,5,P01,H,0.65,0.65,0,2026-06-01 12:20:52,d6d439c938e7fab6,2
38,5,P02,H,0.65,0.65,0,2026-06-01 12:20:52,8e892164477bd18f,2
39,5,P03,L,0.65,0.35,0,2026-06-01 12:20:52,d4804724863bd7f2,2
40,5,P04,H,0.65,0.65,0,2026-06-01 12:20:52,645fda79dda305b2,2
41,5,P05,H,0.65,0.65,0,2026-06-01 12:20:52,74e133de5fb8c287,2
42,5,P06,H,0.65,0.65,0,2026-06-01 12:20:52,c385275f4cb665e5,2
43,5,P07,H,0.65,0.65,0,2026-06-01 12:20:52,f1f27dc601fde45e,2
44,5,P08,L,0.65,0.35,0,2026-06-01 12:20:52,2fdc17ee23ec2eaa,2
45,5,P09,L,0.65,0.35,0,2026-06-01 12:20:52,e0a34c63ac31a060,2
46,6,P01,L,0.65,0.35,0,2026-06-01 12:20:54,28006cc464e2265a,2
47,6,P02,H,0.65,0.65,0,2026-06-01 12:20:54,c36b45c15ed753e1,2
48,6,P03,L,0.65,0.35,0,2026-06-01 12:20:54,d83f3ecde3620444,2
49,6,P04,L,0.65,0.35,0,2026-06-01 12:20:54,1d35b4c772f1657b,2
50,6,P05,H,0.65,0.65,0,2026-06-01 12:20:54,ebf93e4d6bc8959d,2
51,6,P06,L,0.65,0.35,0,2026-06-01 12:20:54,69555bb6456ba0e6,2
52,6,P07,H,0.65,0.65,0,2026-06-01 12:20:54,9056e14fa047b59c,2
53,6,P08,H,0.65,0.65,0,2026-06-01 12:20:54,267340547a722a28,2
54,6,P09,H,0.65,0.65,0,2026-06-01 12:20:54,2c3f8b034cc9e50e,2
55,7,P05,H,0.85,0.85,1,2026-06-01 12:20:55,cade2c08a0d23d34,3
56,7,P07,H,0.85,0.85,1,2026-06-01 12:20:55,2f1622f421d41751,3
57,7,P09,H,0.85,0.85,1,2026-06-01 12:20:55,b3e06972a9243d89,3
58,8,P05,H,0.85,0.85,1,2026-06-01 12:20:57,c47b6946ccf001c9,3
59,8,P07,H,0.85,0.85,1,2026-06-01 12:20:57,0500fbe0bbbd5791,3
60,8,P09,H,0.85,0.85,1,2026-06-01 12:20:57,913880a3579d0ddc,3
61,9,P05,L,0.85,0.15000000000000002,1,2026-06-01 12:20:58,56fbf6f97868c341,3
62,9,P07,H,0.85,0.85,1,2026-06-01 12:20:58,1773b63f61f4fdea,3
63,9,P09,H,0.85,0.85,1,2026-06-01 12:20:58,be4d39bf03a6b325,3
64,10,P05,H,0.85,0.85,1,2026-06-01 12:21:00,c69778132d9574e7,3
65,10,P07,H,0.85,0.85,1,2026-06-01 12:21:00,8b601b2b10cde9bd,3
66,10,P09,H,0.85,0.85,1,2026-06-01 12:21:00,4d1f3b109cd71950,3
67,11,P05,H,0.85,0.85,1,2026-06-01 12:21:02,5d3c36cf1194e2d6,3
68,11,P07,H,0.85,0.85,1,2026-06-01 12:21:02,89e1cd80a231f0f8,3
69,11,P09,H,0.85,0.85,1,2026-06-01 12:21:02,12004b8724b0d9c6,3
70,17,P02,L,0.85,0.15000000000000002,1,2026-06-01 12:21:09,d94777910df575a5,5
71,17,P05,L,0.85,0.15000000000000002,1,2026-06-01 12:21:09,eaf5c9006d11342b,5
72,17,P08,L,0.85,0.15000000000000002,1,2026-06-01 12:21:09,4f45032e6311ea1b,5
73,18,P02,L,0.85,0.15000000000000002,1,2026-06-01 12:21:11,ce9ee1a937089ab4,5
74,18,P05,L,0.85,0.15000000000000002,1,2026-06-01 12:21:11,1fa371b2f1e0f01b,5
75,18,P08,L,0.85,0.15000000000000002,1,2026-06-01 12:21:11,04c51ff55817a8a1,5
76,19,P02,L,0.85,0.15000000000000002,1,2026-06-01 12:21:12,82fe42336ee7d63c,5
77,19,P05,L,0.85,0.15000000000000002,1,2026-06-01 12:21:12,edb4147fb649d2f2,5
78,19,P08,L,0.85,0.15000000000000002,1,2026-06-01 12:21:12,ffe11a4f1512a3ee,5
79,20,P02,L,0.85,0.15000000000000002,1,2026-06-01 12:21:13,ff15ac4844ab5e17,5
80,20,P05,L,0.85,0.15000000000000002,1,2026-06-01 12:21:13,5073c8eff5414a88,5
81,20,P08,L,0.85,0.15000000000000002,1,2026-06-01 12:21:13,e7528303ea43e485,5
82,21,P02,L,0.85,0.15000000000000002,1,2026-06-01 12:21:15,eba127c307c68c73,5
83,21,P05,L,0.85,0.15000000000000002,1,2026-06-01 12:21:15,c7865b2479df4c3d,5
84,21,P08,L,0.85,0.15000000000000002,1,2026-06-01 12:21:15,28b68ffaceb1672f,5
