trade_id,market_id,round_id,direction,quantity,price_impact,abs_price_impact
1,1,1,no,14,-0.09601519332651681,0.09601519332651681
2,1,1,yes,2,0.013444986864202146,0.013444986864202146
3,1,1,yes,1,0.006770152846514277,0.006770152846514277
4,1,1,yes,1,0.006798721047609868,0.006798721047609868
5,1,1,yes,1,0.006824831682392396,0.006824831682392396
9,2,2,no,1,-0.006943997948260672,0.006943997948260672
6,1,1,yes,1,0.0068484456234291224,0.0068484456234291224
7,1,1,yes,1,0.0068695272890921255,0.0068695272890921255
8,1,1,yes,3,0.020709292918763722,0.020709292918763722
10,2,2,no,11,-0.075626208514054,0.075626208514054
11,2,2,yes,1,0.006770152846514277,0.006770152846514277
12,2,2,yes,4,0.027341525642523512,0.027341525642523512
13,2,2,yes,1,0.00688804475647703,0.00688804475647703
14,2,2,yes,4,0.02768516547079497,0.02768516547079497
15,3,7,yes,20,0.1354235592583607,0.1354235592583607
16,3,7,yes,1,0.006410485830370405,0.006410485830370405
17,3,7,no,17,-0.11408481003421789,0.11408481003421789
18,3,7,yes,20,0.13300713371130402,0.13300713371130402
19,3,7,yes,10,0.0592401708788004,0.0592401708788004
20,3,7,no,1,-0.005634110153561744,0.005634110153561744
21,3,7,no,14,-0.08539776454108261,0.08539776454108261
22,3,7,no,2,-0.013055073406459838,0.013055073406459838
23,3,7,yes,9,0.057186586178718635,0.057186586178718635
24,3,7,no,5,-0.03126213263350097,0.03126213263350097
25,3,7,yes,19,0.1105021537721973,0.1105021537721973
26,3,7,no,2,-0.010495908372091578,0.010495908372091578
27,3,7,no,8,-0.04478100652342942,0.04478100652342942
28,3,7,yes,5,0.028502928193514077,0.028502928193514077
29,3,7,no,1,-0.005565672514303843,0.005565672514303843
30,3,7,no,2,-0.011335714615182013,0.011335714615182013
31,3,7,no,6,-0.035564647307203545,0.035564647307203545
32,3,7,yes,3,0.01806543464028254,0.01806543464028254
33,3,7,no,5,-0.030405243596697384,0.030405243596697384
34,3,7,no,13,-0.08495631515001689,0.08495631515001689
35,3,7,yes,20,0.12709269139786872,0.12709269139786872
36,3,7,yes,6,0.033592099928005936,0.033592099928005936
37,3,7,no,1,-0.0054262663116700915,0.0054262663116700915
38,3,7,no,11,-0.06410369345644629,0.06410369345644629
39,3,7,no,4,-0.02512084008482751,0.02512084008482751
40,3,7,yes,10,0.061058699924937954,0.061058699924937954
41,3,7,no,1,-0.005833461048261657,0.005833461048261657
42,3,7,no,1,-0.0058976716028927845,0.0058976716028927845
43,3,7,no,7,-0.04296739249876991,0.04296739249876991
44,3,7,yes,12,0.07180231978087293,0.07180231978087293
45,3,7,yes,15,0.0759436833961531,0.0759436833961531
46,3,7,no,1,-0.004548750366815679,0.004548750366815679
47,3,7,no,9,-0.04426720540328555,0.04426720540328555
48,3,7,no,1,-0.005283976781832678,0.005283976781832678
49,3,7,no,1,-0.00535544554716183,0.00535544554716183
50,3,7,no,5,-0.027824019912239373,0.027824019912239373
51,3,7,no,11,-0.06682677994070452,0.06682677994070452
52,3,7,no,1,-0.006410485830370405,0.006410485830370405
351,3,8,no,7,-0.03942556097626759,0.03942556097626759
53,3,7,yes,1,0.006410485830370405,0.006410485830370405
54,3,7,yes,1,0.006360174775013605,0.006360174775013605
352,3,8,yes,7,0.03942556097626759,0.03942556097626759
55,3,7,no,1,-0.006360174775013605,0.006360174775013605
56,3,7,no,9,-0.059263838626416376,0.059263838626416376
57,3,7,yes,1,0.0067391696291118075,0.0067391696291118075
58,3,7,yes,1,0.006705817235090228,0.006705817235090228
59,3,7,yes,10,0.06474117543930047,0.06474117543930047
509,3,9,yes,1,-0.003334478476924252,0.003334478476924252
60,3,7,yes,1,0.0061985164077413835,0.0061985164077413835
61,3,7,yes,11,0.06410369345644629,0.06410369345644629
62,3,7,yes,2,-0.011062038985387268,0.011062038985387268
353,3,8,no,1,0.00535544554716183,0.00535544554716183
354,3,8,yes,1,0.005283976781832678,0.005283976781832678
63,3,7,yes,6,0.03233965921631077,0.03233965921631077
64,3,7,no,2,-0.010495908372091578,0.010495908372091578
65,3,7,no,17,-0.10000624540010572,0.10000624540010572
510,3,9,yes,4,-0.014016110795237124,0.014016110795237124
66,3,7,yes,12,0.07252838440232479,0.07252838440232479
67,3,7,yes,6,0.03276183777961361,0.03276183777961361
355,3,8,yes,4,0.020410739773206288,0.020410739773206288
356,3,8,no,1,0.0049193757633081425,0.0049193757633081425
68,3,7,no,1,-0.005283976781832678,0.005283976781832678
69,3,7,no,1,-0.00535544554716183,0.00535544554716183
511,3,9,no,2,-0.007424062124434805,0.007424062124434805
512,3,9,yes,14,-0.06008383046377708,0.06008383046377708
513,3,9,no,13,-0.06863903614525546,0.06863903614525546
514,3,9,no,3,-0.017499212666921005,0.017499212666921005
515,3,9,no,10,0.055962654908154885,0.055962654908154885
70,3,7,no,1,-0.0054262663116700915,0.0054262663116700915
71,3,7,no,1,-0.005496366471083425,0.005496366471083425
72,3,7,no,1,0.005496366471083425,0.005496366471083425
901,3,10,no,1,0.006360174775013605,0.006360174775013605
902,3,10,no,1,-0.006360174775013605,0.006360174775013605
516,3,9,yes,2,0.010351311992158774,0.010351311992158774
903,3,10,no,1,-0.006410485830370405,0.006410485830370405
73,3,7,yes,1,-0.005496366471083425,0.005496366471083425
74,3,7,no,2,-0.011199782667865588,0.011199782667865588
904,3,10,yes,1,-0.0064588943083874195,0.0064588943083874195
905,3,10,yes,1,0.0064588943083874195,0.0064588943083874195
517,3,9,no,14,0.06420536462947923,0.06420536462947923
75,3,7,no,1,-0.005701604461620269,0.005701604461620269
76,3,7,yes,5,0.027824019912239373,0.027824019912239373
357,3,8,yes,1,0.00484547836750715,0.00484547836750715
906,3,10,no,1,0.006410485830370405,0.006410485830370405
358,3,8,no,4,0.018640361866079647,0.018640361866079647
359,3,8,no,1,0.004474578305496801,0.004474578305496801
518,3,9,no,12,-0.05414593684843172,0.05414593684843172
907,3,10,yes,1,-0.006410485830370405,0.006410485830370405
519,3,9,yes,3,-0.015198808182947388,0.015198808182947388
77,3,7,no,10,-0.05730614576628201,0.05730614576628201
360,3,8,yes,1,-0.004474578305496801,0.004474578305496801
908,3,10,no,20,0.1169126396025677,0.1169126396025677
520,3,9,yes,1,0.0051393804018998734,0.0051393804018998734
361,3,8,no,1,-0.004548750366815679,0.004548750366815679
521,3,9,no,2,-0.010351311992158774,0.010351311992158774
909,3,10,no,5,-0.026773986702006924,0.026773986702006924
522,3,9,no,7,-0.03846344224123388,0.03846344224123388
523,3,9,yes,1,0.005701604461620269,0.005701604461620269
524,3,9,yes,2,-0.011469684477386832,0.011469684477386832
525,3,9,no,4,-0.023714045838276077,0.023714045838276077
78,3,7,yes,1,0.006022277489922678,0.006022277489922678
910,3,10,no,8,-0.046383512983528496,0.046383512983528496
526,3,9,yes,2,0.011982913187121635,0.011982913187121635
911,3,10,no,1,0.006022277489922678,0.006022277489922678
362,3,8,yes,6,0.026183003519688608,0.026183003519688608
527,3,9,yes,20,-0.12898511147671654,0.12898511147671654
79,3,7,no,2,-0.012104798943083583,0.012104798943083583
80,3,7,yes,7,0.041266251768823814,0.041266251768823814
528,3,9,yes,18,0.1170021982895949,0.1170021982895949
912,3,10,yes,1,0.005960635697198957,0.005960635697198957
363,3,8,yes,1,0.0041064676986638515,0.0041064676986638515
529,3,9,no,20,-0.130720171202116,0.130720171202116
530,3,9,no,10,-0.0692798133460199,0.0692798133460199
531,3,9,yes,12,-0.0818640526057488,0.0818640526057488
532,3,9,no,1,0.0066701446519749075,0.0066701446519749075
364,3,8,yes,4,-0.016865620906147738,0.016865620906147738
533,3,9,yes,8,0.054444710109716965,0.054444710109716965
81,3,7,no,6,-0.03518373031566291,0.03518373031566291
534,3,9,yes,1,0.006903969863395976,0.006903969863395976
535,3,9,yes,20,0.13735185133189554,0.13735185133189554
536,3,9,yes,9,0.05807103078732556,0.05807103078732556
1192,3,11,no,1,-0.002885778044461773,0.002885778044461773
913,3,10,yes,15,-0.09514641903599785,0.09514641903599785
914,3,10,yes,4,-0.027013860758326236,0.027013860758326236
537,3,9,yes,8,0.04790445626361839,0.04790445626361839
915,3,10,yes,1,0.0067987210476098126,0.0067987210476098126
82,3,7,no,1,-0.006082521453160905,0.006082521453160905
538,3,9,yes,1,0.005701604461620269,0.005701604461620269
365,3,8,yes,1,-0.004400521639892241,0.004400521639892241
539,3,9,no,1,-0.005701604461620269,0.005701604461620269
83,3,7,yes,8,0.04690036192238556,0.04690036192238556
84,3,7,no,8,-0.04690036192238556,0.04690036192238556
1193,3,11,no,1,-0.0029474764738243175,0.0029474764738243175
540,3,9,no,4,-0.023459848364119962,0.023459848364119962
541,3,9,yes,10,0.056639313823521165,0.056639313823521165
542,3,9,no,4,-0.02184375084421919,0.02184375084421919
543,3,9,yes,3,0.01648830529705736,0.01648830529705736
85,3,7,yes,13,0.07402808954843743,0.07402808954843743
916,3,10,no,1,0.006770152846514388,0.006770152846514388
544,3,9,yes,13,0.06392995640459254,0.06392995640459254
917,3,10,yes,10,0.06562401340142998,0.06562401340142998
545,3,9,yes,7,-0.03287979430239174,0.03287979430239174
918,3,10,no,2,-0.01277066060538401,0.01277066060538401
1194,3,11,yes,11,-0.0367187063849731,0.0367187063849731
366,3,8,yes,1,0.004400521639892241,0.004400521639892241
919,3,10,yes,12,0.07323726577107492,0.07323726577107492
1195,3,11,yes,1,0.0036768586438180595,0.0036768586438180595
546,3,9,yes,8,0.03728031594228398,0.03728031594228398
920,3,10,no,8,-0.04790445626361839,0.04790445626361839
547,3,9,yes,9,-0.04227335133006227,0.04227335133006227
548,3,9,no,1,0.0049930353877782885,0.0049930353877782885
921,3,10,no,10,-0.06474117543930047,0.06474117543930047
86,3,7,no,2,-0.010639422328994508,0.010639422328994508
87,3,7,no,6,-0.033592099928005936,0.033592099928005936
922,3,10,yes,3,0.019894398216996678,0.019894398216996678
923,3,10,yes,1,0.006549739658341158,0.006549739658341158
924,3,10,yes,6,-0.03988912473953987,0.03988912473953987
1381,4,12,no,6,-0.04157048321679985,0.04157048321679985
367,3,8,no,1,0.004326632768974825,0.004326632768974825
1382,4,12,yes,8,0.055455800962804724,0.055455800962804724
368,3,8,no,4,0.016572723066279993,0.016572723066279993
549,3,9,no,8,0.03728031594228398,0.03728031594228398
925,3,10,no,20,0.1260906185671209,0.1260906185671209
926,3,10,no,14,-0.08620149382758102,0.08620149382758102
1383,4,12,no,1,-0.00694131979774415,0.00694131979774415
1384,4,12,no,12,-0.08274405156406112,0.08274405156406112
927,3,10,no,1,-0.006549739658341158,0.006549739658341158
1385,4,12,yes,1,0.006798721047609868,0.006798721047609868
1386,4,12,yes,1,0.006824831682392396,0.006824831682392396
88,3,7,no,1,0.0057680800157665635,0.0057680800157665635
369,3,8,no,11,-0.04841481764672351,0.04841481764672351
928,3,10,no,6,-0.0401095379277131,0.0401095379277131
1387,4,12,yes,8,0.05523250293753745,0.05523250293753745
929,3,10,yes,1,0.006770152846514388,0.006770152846514388
550,3,9,yes,6,-0.02751546181146869,0.02751546181146869
1196,3,11,no,1,-0.0036768586438180595,0.0036768586438180595
1197,3,11,no,1,-0.0037472034806167454,0.0037472034806167454
551,3,9,no,20,-0.11034497600113247,0.11034497600113247
552,3,9,no,19,-0.1253844019567587,0.1253844019567587
553,3,9,yes,1,0.006888044756477085,0.006888044756477085
554,3,9,yes,1,0.006869527289091959,0.006869527289091959
89,3,7,no,8,0.04367537383149278,0.04367537383149278
930,3,10,no,2,0.013444986864202035,0.013444986864202035
90,3,7,no,12,-0.06713522219561274,0.06713522219561274
555,3,9,no,1,0.0068484456234291224,0.0068484456234291224
91,3,7,yes,1,0.005960635697198957,0.005960635697198957
556,3,9,no,2,0.013623552730002264,0.013623552730002264
557,3,9,yes,1,0.006770152846514388,0.006770152846514388
370,3,8,no,9,0.040274615018952575,0.040274615018952575
558,3,9,no,2,-0.0135688738941242,0.0135688738941242
1198,3,11,yes,1,-0.003818099192726798,0.003818099192726798
931,3,10,yes,1,0.0066701446519749075,0.0066701446519749075
559,3,9,yes,2,0.0135688738941242,0.0135688738941242
92,3,7,yes,1,0.0058976716028927845,0.0058976716028927845
93,3,7,yes,5,0.028502928193514077,0.028502928193514077
371,3,8,yes,5,-0.02163425315287293,0.02163425315287293
560,3,9,yes,1,0.0067391696291118075,0.0067391696291118075
561,3,9,yes,1,0.006705817235090228,0.006705817235090228
562,3,9,yes,1,0.0066701446519749075,0.0066701446519749075
94,3,7,no,1,-0.005565672514303843,0.005565672514303843
932,3,10,no,1,0.006632203865068909,0.006632203865068909
563,3,9,no,1,0.006632203865068909,0.006632203865068909
564,3,9,no,4,0.02610601741480012,0.02610601741480012
565,3,9,yes,1,0.006410485830370405,0.006410485830370405
566,3,9,no,1,0.006360174775013605,0.006360174775013605
372,3,8,no,2,-0.00917173387829795,0.00917173387829795
567,3,9,yes,1,0.006308029388134018,0.006308029388134018
95,3,7,yes,5,0.027127727626051867,0.027127727626051867
96,3,7,yes,1,0.0052119315902589,0.0052119315902589
1199,3,11,no,1,-0.0038895110895871277,0.0038895110895871277
568,3,9,yes,1,0.006254119513938505,0.006254119513938505
97,3,7,no,13,-0.07315749968553542,0.07315749968553542
98,3,7,yes,1,0.006022277489922678,0.006022277489922678
569,3,9,yes,10,0.0592401708788004,0.0592401708788004
99,3,7,no,6,-0.03700675680157095,0.03700675680157095
1200,3,11,no,1,0.0038895110895871277,0.0038895110895871277
100,3,7,yes,13,-0.08601771897794663,0.08601771897794663
373,3,8,no,1,0.00462298351148227,0.00462298351148227
570,3,9,no,1,0.005565672514303843,0.005565672514303843
101,3,7,yes,1,0.0068248316823924515,0.0068248316823924515
571,3,9,no,1,-0.005565672514303843,0.005565672514303843
933,3,10,yes,1,0.006592049699952862,0.006592049699952862
934,3,10,yes,1,0.006549739658341158,0.006549739658341158
572,3,9,no,1,-0.005634110153561744,0.005634110153561744
573,3,9,yes,1,-0.005701604461620269,0.005701604461620269
102,3,7,yes,11,0.07283271252054058,0.07283271252054058
103,3,7,yes,7,0.043366931576584555,0.043366931576584555
935,3,10,no,2,0.0129642280565061,0.0129642280565061
574,3,9,no,6,-0.035564647307203545,0.035564647307203545
104,3,7,yes,4,0.023459848364119962,0.023459848364119962
575,3,9,no,1,-0.00614129254867346,0.00614129254867346
1201,3,11,no,2,-0.007850913624326772,0.007850913624326772
105,3,7,yes,1,0.005701604461620269,0.005701604461620269
106,3,7,no,1,-0.005701604461620269,0.005701604461620269
107,3,7,yes,10,0.05388114662666188,0.05388114662666188
108,3,7,yes,4,-0.020701681167260677,0.020701681167260677
576,3,9,yes,17,-0.11162682991118966,0.11162682991118966
577,3,9,yes,1,0.0068484456234291224,0.0068484456234291224
109,3,7,no,5,-0.027477860997780934,0.027477860997780934
936,3,10,no,1,0.006410485830370405,0.006410485830370405
578,3,9,yes,8,0.053733090657715366,0.053733090657715366
937,3,10,no,3,-0.019374713886876505,0.019374713886876505
579,3,9,no,1,0.006549739658341158,0.006549739658341158
580,3,9,no,1,0.00650533374811868,0.00650533374811868
938,3,10,yes,2,0.0129642280565061,0.0129642280565061
1202,3,11,no,11,-0.04841481764672351,0.04841481764672351
581,3,9,yes,8,0.0502140342254197,0.0502140342254197
1203,3,11,no,1,0.004771406440793768,0.004771406440793768
374,3,8,no,1,0.004548750366815679,0.004548750366815679
1204,3,11,yes,9,0.03960967627682266,0.03960967627682266
582,3,9,yes,2,-0.012223814001834366,0.012223814001834366
583,3,9,yes,2,-0.012452635921679889,0.012452635921679889
939,3,10,no,1,-0.0064588943083874195,0.0064588943083874195
584,3,9,no,2,-0.012668204163147623,0.012668204163147623
1205,3,11,yes,10,-0.04438108271761643,0.04438108271761643
585,3,9,no,1,0.006360174775013605,0.006360174775013605
375,3,8,yes,1,0.004474578305496801,0.004474578305496801
586,3,9,no,2,-0.01277066060538401,0.01277066060538401
1206,3,11,no,8,0.03609505673214819,0.03609505673214819
376,3,8,no,1,-0.004474578305496801,0.004474578305496801
110,3,7,no,4,0.022122415450619104,0.022122415450619104
587,3,9,yes,1,0.006410485830370405,0.006410485830370405
111,3,7,no,1,-0.0054262663116700915,0.0054262663116700915
940,3,10,no,1,0.0064588943083874195,0.0064588943083874195
941,3,10,yes,1,-0.0064588943083874195,0.0064588943083874195
588,3,9,yes,5,0.03126213263350097,0.03126213263350097
589,3,9,yes,2,-0.012339808956414844,0.012339808956414844
1388,5,17,no,14,-0.09601519332651681,0.09601519332651681
1389,5,17,no,1,-0.0066701446519749075,0.0066701446519749075
112,3,7,yes,1,-0.005496366471083425,0.005496366471083425
1390,5,17,yes,1,0.0066701446519749075,0.0066701446519749075
1207,3,11,no,2,-0.0085795949206795,0.0085795949206795
942,3,10,yes,1,0.0064588943083874195,0.0064588943083874195
943,3,10,no,1,-0.0064588943083874195,0.0064588943083874195
1391,5,17,yes,11,0.0751939079537739,0.0751939079537739
113,3,7,no,17,-0.10310288095706688,0.10310288095706688
114,3,7,yes,1,0.00650533374811868,0.00650533374811868
1392,5,17,no,2,-0.013845227980660957,0.013845227980660957
1393,5,17,no,3,-0.02066154190896513,0.02066154190896513
1394,5,17,yes,1,0.0068695272890921255,0.0068695272890921255
115,3,7,yes,2,0.012869380138757824,0.012869380138757824
1395,5,17,no,1,-0.0068695272890921255,0.0068695272890921255
1396,5,17,no,1,-0.0068484456234291224,0.0068484456234291224
590,3,9,yes,2,-0.012562148902072523,0.012562148902072523
1397,5,17,no,1,-0.006824831682392396,0.006824831682392396
116,3,7,yes,11,0.06682677994070452,0.06682677994070452
377,3,8,no,1,0.004474578305496801,0.004474578305496801
1398,5,17,no,1,-0.006798721047609868,0.006798721047609868
591,3,9,no,20,-0.13430890211773983,0.13430890211773983
592,3,9,no,11,-0.076061818631803,0.076061818631803
593,3,9,no,20,0.13797655450159846,0.13797655450159846
1399,5,17,no,3,-0.020215139710716423,0.020215139710716423
944,3,10,no,9,0.05623631171534238,0.05623631171534238
1400,5,17,no,19,-0.11834723616453907,0.11834723616453907
594,3,9,yes,3,-0.020471998353431387,0.020471998353431387
1401,5,17,yes,1,0.005701604461620324,0.005701604461620324
595,3,9,yes,1,0.0068484456234291224,0.0068484456234291224
596,3,9,yes,13,0.08601771897794663,0.08601771897794663
945,3,10,no,1,0.005960635697198957,0.005960635697198957
1402,5,17,yes,7,0.04170593985587695,0.04170593985587695
946,3,10,no,9,-0.05573805310415392,0.05573805310415392
947,3,10,yes,1,0.006410485830370405,0.006410485830370405
597,3,9,no,1,-0.006360174775013605,0.006360174775013605
598,3,9,yes,2,0.012668204163147623,0.012668204163147623
1403,5,17,no,1,-0.00614129254867346,0.00614129254867346
378,3,8,yes,1,-0.004474578305496801,0.004474578305496801
948,3,10,yes,5,0.03126213263350097,0.03126213263350097
949,3,10,yes,2,0.012104798943083583,0.012104798943083583
1404,5,17,no,20,-0.10897508989325286,0.10897508989325286
1405,5,17,no,3,-0.01386895542528574,0.01386895542528574
599,3,9,no,2,-0.012668204163147623,0.012668204163147623
1406,5,17,no,10,-0.041443468597697375,0.041443468597697375
1407,5,17,yes,20,0.09025942436779849,0.09025942436779849
1408,5,17,yes,1,0.005283976781832733,0.005283976781832733
379,3,8,no,20,0.07582603936670995,0.07582603936670995
380,3,8,no,1,-0.003137471938287395,0.003137471938287395
1409,5,17,no,8,-0.04023097712664811,0.04023097712664811
950,3,10,no,13,-0.08251563868682399,0.08251563868682399
600,3,9,yes,2,-0.012869380138757824,0.012869380138757824
381,3,8,yes,14,-0.05105431427554963,0.05105431427554963
1410,5,17,yes,1,0.004771406440793768,0.004771406440793768
382,3,8,yes,2,0.008140202627770932,0.008140202627770932
951,3,10,no,1,0.006632203865068909,0.006632203865068909
1411,5,17,yes,11,0.05730332153007364,0.05730332153007364
117,3,7,no,9,-0.054158575777556894,0.054158575777556894
1412,5,17,no,16,-0.08041826170164992,0.08041826170164992
118,3,7,no,14,-0.09232574836608065,0.09232574836608065
952,3,10,no,1,0.006592049699952862,0.006592049699952862
1413,5,17,no,20,-0.07442479907873545,0.07442479907873545
1414,5,17,no,1,-0.003010001079055108,0.003010001079055108
1415,5,17,yes,1,0.003010001079055108,0.003010001079055108
119,3,7,no,1,0.0068248316823924515,0.0068248316823924515
120,3,7,yes,2,0.0135688738941242,0.0135688738941242
1416,5,17,yes,1,0.0030733380175221314,0.0030733380175221314
601,3,9,yes,1,0.0064588943083874195,0.0064588943083874195
121,3,7,no,12,0.0781861623035025,0.0781861623035025
122,3,7,yes,3,0.01842233040957575,0.01842233040957575
1417,5,17,yes,1,0.003137471938287534,0.003137471938287534
383,3,8,no,1,-0.00403373492910708,0.00403373492910708
953,3,10,yes,1,0.006549739658341158,0.006549739658341158
602,3,9,yes,4,-0.02610601741480012,0.02610601741480012
1208,3,11,yes,1,0.004326632768974825,0.004326632768974825
603,3,9,no,2,-0.013302348517043816,0.013302348517043816
1418,5,17,yes,1,0.003202385934887142,0.003202385934887142
954,3,10,no,7,0.044495553971704016,0.044495553971704016
1583,5,18,yes,1,0.0010110847812301663,0.0010110847812301663
1419,5,17,yes,10,0.03575032317815191,0.03575032317815191
123,3,7,yes,2,-0.012223814001834366,0.012223814001834366
1420,5,17,yes,1,0.003961402534739644,0.003961402534739644
604,3,9,no,8,-0.054444710109716854,0.054444710109716854
605,3,9,yes,16,0.1066237366469448,0.1066237366469448
1421,5,17,yes,1,0.004033734929106997,0.004033734929106997
1422,5,17,yes,2,0.008286025985468348,0.008286025985468348
1423,5,17,yes,2,0.008579594920679334,0.008579594920679334
1209,3,11,yes,10,0.03927289545557855,0.03927289545557855
124,3,7,yes,5,0.030104398791848785,0.030104398791848785
125,3,7,yes,1,0.005833461048261657,0.005833461048261657
384,3,8,yes,3,0.011884648553433852,0.011884648553433852
1424,5,17,yes,15,0.07375674435615495,0.07375674435615495
126,3,7,no,1,0.0057680800157665635,0.0057680800157665635
127,3,7,yes,1,-0.0057680800157665635,0.0057680800157665635
955,3,10,no,1,-0.0061985164077413835,0.0061985164077413835
956,3,10,yes,1,-0.006254119513938505,0.006254119513938505
385,3,8,no,1,-0.0038895110895871277,0.0038895110895871277
606,3,9,no,1,-0.006360174775013605,0.006360174775013605
386,3,8,no,2,0.007707610282313926,0.007707610282313926
1425,5,17,yes,14,0.0828643587662602,0.0828643587662602
1426,5,17,yes,1,-0.006308029388133907,0.006308029388133907
1427,5,17,no,1,-0.006254119513938561,0.006254119513938561
607,3,9,yes,20,-0.13489004714047037,0.13489004714047037
608,3,9,yes,9,-0.06227205321062973,0.06227205321062973
609,3,9,yes,3,0.02066154190896513,0.02066154190896513
957,3,10,no,3,-0.019078689993518028,0.019078689993518028
958,3,10,yes,15,-0.10075704590495671,0.10075704590495671
610,3,9,yes,1,0.006917278298890717,0.006917278298890717
128,3,7,yes,1,0.0057680800157665635,0.0057680800157665635
387,3,8,yes,2,0.007424062124434805,0.007424062124434805
611,3,9,no,20,-0.13300713371130402,0.13300713371130402
612,3,9,no,5,-0.030405243596697495,0.030405243596697495
613,3,9,yes,1,0.005960635697199068,0.005960635697199068
388,3,8,no,4,-0.01513167240674873,0.01513167240674873
389,3,8,yes,1,0.0038895110895871277,0.0038895110895871277
1428,5,17,no,20,-0.1116980140413667,0.1116980140413667
1429,5,17,no,1,-0.004845478367507289,0.004845478367507289
959,3,10,yes,8,0.054642862738022546,0.054642862738022546
960,3,10,yes,2,0.013375961887065135,0.013375961887065135
1430,5,17,yes,1,0.004845478367507289,0.004845478367507289
961,3,10,no,12,0.07649336119690131,0.07649336119690131
614,3,9,yes,1,0.006022277489922567,0.006022277489922567
962,3,10,no,1,-0.006082521453160905,0.006082521453160905
615,3,9,yes,1,-0.006022277489922567,0.006022277489922567
390,3,8,no,3,0.011242161317161603,0.011242161317161603
963,3,10,no,1,-0.00614129254867346,0.00614129254867346
964,3,10,yes,4,-0.02512084008482751,0.02512084008482751
616,3,9,yes,5,0.030698727413436988,0.030698727413436988
617,3,9,yes,3,0.01907868999351786,0.01907868999351786
1431,5,17,yes,1,0.004919375763308059,0.004919375763308059
618,3,9,no,2,0.01296422805650621,0.01296422805650621
1210,3,11,no,11,-0.043599528224553374,0.043599528224553374
619,3,9,yes,9,0.06028283031605641,0.06028283031605641
1211,3,11,no,9,-0.04227335133006227,0.04227335133006227
965,3,10,no,1,0.006360174775013605,0.006360174775013605
620,3,9,no,1,0.0068484456234291224,0.0068484456234291224
129,3,7,yes,7,0.03846344224123388,0.03846344224123388
130,3,7,no,1,-0.005283976781832678,0.005283976781832678
1212,3,11,no,10,0.046599984099037095,0.046599984099037095
131,3,7,no,1,-0.00535544554716183,0.00535544554716183
621,3,9,yes,11,0.07614934063511197,0.07614934063511197
622,3,9,yes,6,-0.041642570745485885,0.041642570745485885
623,3,9,no,1,0.006935967626738038,0.006935967626738038
966,3,10,yes,5,-0.03228462832023127,0.03228462832023127
624,3,9,yes,5,0.03470660311874785,0.03470660311874785
967,3,10,yes,7,0.04484677722230379,0.04484677722230379
1213,3,11,yes,7,-0.031842094580443514,0.031842094580443514
1432,5,17,yes,1,0.004993035387778344,0.004993035387778344
625,3,9,no,7,-0.048570520427256125,0.048570520427256125
1214,3,11,no,1,0.004771406440793768,0.004771406440793768
968,3,10,yes,4,0.024444607899498427,0.024444607899498427
1433,5,17,yes,3,0.015417704385427916,0.015417704385427916
391,3,8,no,1,-0.0036768586438180595,0.0036768586438180595
1434,5,17,yes,2,0.010639422328994619,0.010639422328994619
969,3,10,yes,1,0.005960635697198957,0.005960635697198957
626,3,9,yes,1,0.00692794968177024,0.00692794968177024
1435,5,17,yes,1,0.005426266311670036,0.005426266311670036
1436,5,17,yes,11,0.06410369345644629,0.06410369345644629
627,3,9,yes,1,0.006935967626738038,0.006935967626738038
970,3,10,no,1,0.0058976716028927845,0.0058976716028927845
971,3,10,yes,4,0.022937255679210233,0.022937255679210233
1215,3,11,yes,1,0.004697221546987929,0.004697221546987929
1216,3,11,no,1,-0.004697221546987929,0.004697221546987929
1437,5,17,no,1,-0.00614129254867346,0.00614129254867346
628,3,9,no,1,-0.006935967626738038,0.006935967626738038
1217,3,11,yes,2,0.009320205058470199,0.009320205058470199
132,3,7,no,1,-0.0054262663116700915,0.0054262663116700915
133,3,7,yes,1,-0.005496366471083425,0.005496366471083425
1218,3,11,yes,6,0.026183003519688608,0.026183003519688608
629,3,9,no,1,0.006935967626738038,0.006935967626738038
134,3,7,no,1,-0.005565672514303843,0.005565672514303843
972,3,10,no,15,0.0759436833961531,0.0759436833961531
973,3,10,no,1,-0.004548750366815679,0.004548750366815679
630,3,9,yes,1,0.006941319797744205,0.006941319797744205
631,3,9,yes,17,0.11626153979182124,0.11626153979182124
632,3,9,no,1,-0.006632203865068909,0.006632203865068909
974,3,10,no,20,-0.10619049600863939,0.10619049600863939
135,3,7,yes,11,0.05730332153007345,0.05730332153007345
975,3,10,yes,2,0.011858307300091742,0.011858307300091742
1438,5,17,no,15,-0.08437940154059628,0.08437940154059628
1439,5,17,yes,11,0.06041629529742107,0.06041629529742107
136,3,7,no,4,-0.019824281911862807,0.019824281911862807
1440,5,17,yes,1,-0.005833461048261823,0.005833461048261823
976,3,10,no,1,-0.0058976716028927845,0.0058976716028927845
633,3,9,yes,19,-0.13043457303300482,0.13043457303300482
634,3,9,yes,1,-0.006917278298890717,0.006917278298890717
1441,5,17,no,20,-0.10192257797249074,0.10192257797249074
1219,3,11,no,1,0.0041064676986638515,0.0041064676986638515
392,3,8,no,12,-0.049739422445129855,0.049739422445129855
1442,5,17,yes,11,0.05247912412523145,0.05247912412523145
1600,5,19,yes,18,0.0221954427275855,0.0221954427275855
137,3,7,no,1,0.005066392393269226,0.005066392393269226
393,3,8,yes,13,0.053416281088947914,0.053416281088947914
1443,5,17,yes,4,0.0212776202309235,0.0212776202309235
1220,3,11,yes,1,0.00403373492910708,0.00403373492910708
977,3,10,no,1,0.0058976716028927845,0.0058976716028927845
138,3,7,yes,1,-0.005066392393269226,0.005066392393269226
635,3,9,no,5,0.03466651335340387,0.03466651335340387
1444,5,17,no,20,-0.09465610019140963,0.09465610019140963
139,3,7,no,12,-0.06631396690031366,0.06631396690031366
636,3,9,no,1,0.006943997948260727,0.006943997948260727
978,3,10,no,1,-0.0058976716028927845,0.0058976716028927845
1601,5,19,no,1,-0.0015122014532747904,0.0015122014532747904
637,3,9,yes,14,0.09574134003023094,0.09574134003023094
1445,5,17,yes,1,0.004033734929106997,0.004033734929106997
1446,5,17,yes,8,0.03491245472983462,0.03491245472983462
1447,5,17,no,1,-0.004622983511482132,0.004622983511482132
1448,5,17,yes,12,0.06033289404395015,0.06033289404395015
638,3,9,no,3,-0.020115131516176943,0.020115131516176943
979,3,10,yes,6,0.03440059979640686,0.03440059979640686
639,3,9,no,1,-0.006770152846514388,0.006770152846514388
394,3,8,no,1,-0.0036768586438180595,0.0036768586438180595
980,3,10,yes,5,-0.028502928193514077,0.028502928193514077
640,3,9,no,16,0.10337864555959264,0.10337864555959264
140,3,7,no,7,0.039896966267490286,0.039896966267490286
1602,5,19,no,6,-0.00832802685666837,0.00832802685666837
641,3,9,no,2,-0.012223814001834366,0.012223814001834366
642,3,9,no,13,-0.08438467871124389,0.08438467871124389
981,3,10,no,1,-0.0058976716028927845,0.0058976716028927845
643,3,9,yes,8,-0.05482097140780151,0.05482097140780151
644,3,9,yes,9,0.06156014103691332,0.06156014103691332
645,3,9,no,14,-0.0962533740396872,0.0962533740396872
646,3,9,no,1,0.006943997948260672,0.006943997948260672
1662,5,21,yes,1,0.0009358963557673378,0.0009358963557673378
647,3,9,no,2,-0.013885317746004877,0.013885317746004877
1603,5,19,yes,1,0.0013030658355085226,0.0013030658355085226
648,3,9,no,1,0.006941319797744205,0.006941319797744205
1617,5,20,yes,2,0.0020484369162788105,0.0020484369162788105
982,3,10,yes,12,-0.07525202081900118,0.07525202081900118
649,3,9,no,10,0.06912049883405874,0.06912049883405874
983,3,10,no,6,0.038592657708365286,0.038592657708365286
141,3,7,yes,8,0.04139580417717903,0.04139580417717903
650,3,9,yes,8,-0.05523250293753734,0.05523250293753734
651,3,9,no,2,0.013877287424482243,0.013877287424482243
1449,5,17,no,1,-0.005426266311670036,0.005426266311670036
652,3,9,no,2,-0.013877287424482243,0.013877287424482243
142,3,7,no,11,-0.05809195331612804,0.05809195331612804
1618,5,20,no,1,-0.0010373521350486442,0.0010373521350486442
984,3,10,yes,1,0.006254119513938505,0.006254119513938505
1450,5,17,no,19,-0.0892298338797396,0.0892298338797396
985,3,10,no,20,-0.13300713371130402,0.13300713371130402
1451,5,17,yes,6,0.025299877475147087,0.025299877475147087
653,3,9,no,6,0.04151453002501626,0.04151453002501626
1452,5,17,no,6,-0.025299877475147087,0.025299877475147087
1453,5,17,no,1,-0.003961402534739644,0.003961402534739644
986,3,10,yes,1,0.006917278298890772,0.006917278298890772
987,3,10,yes,12,0.08124307819010945,0.08124307819010945
1454,5,17,no,1,0.003961402534739644,0.003961402534739644
1455,5,17,yes,14,0.06317270716531706,0.06317270716531706
988,3,10,yes,14,0.08698315347015562,0.08698315347015562
1456,5,17,no,1,-0.004993035387778344,0.004993035387778344
989,3,10,yes,2,0.011469684477386832,0.011469684477386832
990,3,10,no,1,-0.005701604461620269,0.005701604461620269
654,3,9,no,1,0.006869527289091959,0.006869527289091959
991,3,10,no,2,0.011335714615182013,0.011335714615182013
992,3,10,no,2,-0.011335714615182013,0.011335714615182013
1604,5,19,no,1,-0.0013030658355085226,0.0013030658355085226
655,3,9,yes,1,0.0068484456234291224,0.0068484456234291224
993,3,10,yes,1,0.005701604461620269,0.005701604461620269
1457,5,17,no,2,-0.009764854130815348,0.009764854130815348
994,3,10,no,2,-0.011469684477386832,0.011469684477386832
1458,5,17,yes,5,0.024963662313762763,0.024963662313762763
995,3,10,no,1,-0.005833461048261657,0.005833461048261657
1605,5,19,no,1,-0.0012708013868579435,0.0012708013868579435
656,3,9,no,16,-0.11063502885907495,0.11063502885907495
996,3,10,no,18,0.09433218870854765,0.09433218870854765
395,3,8,no,3,-0.011454813762930671,0.011454813762930671
657,3,9,no,14,0.09691705594655387,0.09691705594655387
997,3,10,no,10,-0.049551182185118225,0.049551182185118225
658,3,9,yes,1,0.006869527289091959,0.006869527289091959
396,3,8,yes,4,0.01513167240674873,0.01513167240674873
1606,5,19,no,14,-0.014781348463474987,0.014781348463474987
143,3,7,yes,2,-0.011469684477386832,0.011469684477386832
1459,5,17,no,1,-0.005139380401899957,0.005139380401899957
659,3,9,yes,2,-0.013757572045569044,0.013757572045569044
1460,5,17,no,1,0.005139380401899957,0.005139380401899957
1584,5,18,yes,12,0.014367593957530608,0.014367593957530608
660,3,9,yes,1,0.006888044756477085,0.006888044756477085
1585,5,18,no,4,-0.005279692905323451,0.005279692905323451
998,3,10,no,1,-0.00535544554716183,0.00535544554716183
999,3,10,yes,8,-0.04532323257916038,0.04532323257916038
661,3,9,no,2,-0.013792014619873005,0.013792014619873005
144,3,7,yes,2,0.011469684477386832,0.011469684477386832
397,3,8,no,11,0.03598932421497936,0.03598932421497936
398,3,8,no,1,-0.0029474764738243175,0.0029474764738243175
399,3,8,no,1,-0.0030100010790551357,0.0030100010790551357
1000,3,10,no,1,-0.005960635697198957,0.005960635697198957
1586,5,18,no,1,-0.0012392483170125188,0.0012392483170125188
1001,3,10,yes,4,-0.024444607899498427,0.024444607899498427
1221,3,11,yes,1,0.003961402534739644,0.003961402534739644
1002,3,10,yes,7,0.042136376247851826,0.042136376247851826
1003,3,10,no,7,-0.042136376247851826,0.042136376247851826
400,3,8,no,3,-0.00941319589069678,0.00941319589069678
1461,5,17,no,6,-0.029735068754556532,0.029735068754556532
1462,5,17,yes,1,0.004771406440793768,0.004771406440793768
1004,3,10,no,1,-0.006254119513938505,0.006254119513938505
1463,5,17,no,12,-0.05237622018146301,0.05237622018146301
1464,5,17,no,16,-0.05400677466618986,0.05400677466618986
401,3,8,yes,1,0.0032023859348871975,0.0032023859348871975
1005,3,10,no,1,0.006254119513938505,0.006254119513938505
662,3,9,yes,1,0.00690396986339592,0.00690396986339592
1465,5,17,yes,1,0.002885778044461579,0.002885778044461579
663,3,9,yes,1,-0.00690396986339592,0.00690396986339592
1466,5,17,yes,3,0.009030815570401696,0.009030815570401696
1467,5,17,yes,1,0.003137471938287534,0.003137471938287534
145,3,7,no,1,-0.005701604461620269,0.005701604461620269
1468,5,17,no,1,0.003202385934887142,0.003202385934887142
1469,5,17,yes,2,0.0066025399761659165,0.0066025399761659165
1006,3,10,no,20,0.1116980140413667,0.1116980140413667
402,3,8,yes,1,0.003137471938287395,0.003137471938287395
1007,3,10,yes,2,-0.009912411151086431,0.009912411151086431
1587,5,18,no,13,-0.013542100146462469,0.013542100146462469
1607,5,19,yes,1,0.0008886702091033122,0.0008886702091033122
1008,3,10,yes,9,-0.04817954216504161,0.04817954216504161
1470,5,17,no,1,-0.003334478476924113,0.003334478476924113
664,3,9,no,1,0.00690396986339592,0.00690396986339592
1009,3,10,no,2,-0.011469684477386832,0.011469684477386832
1010,3,10,yes,1,-0.005833461048261657,0.005833461048261657
146,3,7,yes,9,0.048814754233392654,0.048814754233392654
1222,3,11,no,1,-0.003961402534739644,0.003961402534739644
1471,5,17,yes,1,0.003334478476924113,0.003334478476924113
1223,3,11,no,7,-0.02977445578064386,0.02977445578064386
147,3,7,no,11,-0.060416295297420874,0.060416295297420874
1011,3,10,yes,9,-0.0552252388766763,0.0552252388766763
1012,3,10,no,2,0.012668204163147623,0.012668204163147623
1472,5,17,no,4,-0.012942397849340592,0.012942397849340592
665,3,9,yes,1,0.006888044756477085,0.006888044756477085
1473,5,17,yes,16,0.058371344500641575,0.058371344500641575
1013,3,10,no,1,0.006254119513938505,0.006254119513938505
666,3,9,no,3,-0.020709292918763778,0.020709292918763778
148,3,7,no,10,-0.0616357247070467,0.0616357247070467
149,3,7,yes,12,0.07323726577107492,0.07323726577107492
667,3,9,yes,1,0.006917278298890772,0.006917278298890772
1014,3,10,no,13,0.07572847617585776,0.07572847617585776
1015,3,10,no,7,-0.03942556097626759,0.03942556097626759
1474,5,17,yes,2,0.008579594920679334,0.008579594920679334
1224,3,11,yes,11,0.045190672078314176,0.045190672078314176
1475,5,17,no,7,-0.028750269459581396,0.028750269459581396
1476,5,17,no,13,-0.04428400905831675,0.04428400905831675
1477,5,17,no,13,-0.033750721288883595,0.033750721288883595
1478,5,17,yes,1,0.0022642190665268375,0.0022642190665268375
1479,5,17,no,2,-0.004477251475651034,0.004477251475651034
403,3,8,yes,15,-0.05419178621383702,0.05419178621383702
1480,5,17,yes,9,0.021834916545484973,0.021834916545484973
1481,5,17,yes,2,0.0054706644608095295,0.0054706644608095295
1482,5,17,yes,2,0.005710696217888833,0.005710696217888833
1016,3,10,no,2,0.01160154106402822,0.01160154106402822
404,3,8,yes,2,-0.008432520438509061,0.008432520438509061
1017,3,10,no,12,-0.07323726577107492,0.07323726577107492
1018,3,10,yes,7,0.04375513991703228,0.04375513991703228
1225,3,11,no,1,0.0036768586438180595,0.0036768586438180595
1019,3,10,no,9,0.05187987945461192,0.05187987945461192
1483,5,17,no,1,-0.002885778044461579,0.002885778044461579
1020,3,10,yes,7,-0.039896966267490286,0.039896966267490286
1484,5,17,yes,6,0.01825645148803795,0.01825645148803795
1485,5,17,no,1,-0.003202385934887142,0.003202385934887142
405,3,8,yes,9,0.03566579800776837,0.03566579800776837
1486,5,17,yes,1,0.003202385934887142,0.003202385934887142
668,3,9,yes,14,0.09429815159656929,0.09429815159656929
1487,5,17,yes,13,0.0478519283406624,0.0478519283406624
669,3,9,yes,1,-0.00650533374811868,0.00650533374811868
1021,3,10,no,16,0.08613824881217647,0.08613824881217647
670,3,9,yes,1,0.00650533374811868,0.00650533374811868
1226,3,11,yes,10,-0.03999243077674319,0.03999243077674319
1488,5,17,no,14,-0.051054314275549545,0.051054314275549545
1022,3,10,yes,1,-0.00484547836750715,0.00484547836750715
671,3,9,yes,14,-0.09429815159656929,0.09429815159656929
1227,3,11,yes,1,0.004326632768974825,0.004326632768974825
1023,3,10,no,20,-0.1116980140413667,0.1116980140413667
150,3,7,yes,7,-0.041705939855877006,0.041705939855877006
1228,3,11,yes,1,0.004252962151704676,0.004252962151704676
1489,5,17,yes,1,0.003202385934887142,0.003202385934887142
151,3,7,no,1,0.00614129254867346,0.00614129254867346
1024,3,10,yes,4,0.024444607899498427,0.024444607899498427
672,3,9,yes,1,0.00690396986339592,0.00690396986339592
1490,5,17,yes,10,0.03575032317815191,0.03575032317815191
152,3,7,yes,2,0.012104798943083583,0.012104798943083583
1025,3,10,no,13,0.07227460259751262,0.07227460259751262
153,3,7,yes,2,0.011858307300091742,0.011858307300091742
673,3,9,yes,1,0.006888044756477085,0.006888044756477085
154,3,7,no,5,-0.030104398791848785,0.030104398791848785
1026,3,10,no,11,-0.060416295297420874,0.060416295297420874
1491,5,17,no,2,-0.00770761028231387,0.00770761028231387
155,3,7,yes,6,0.03593785984011044,0.03593785984011044
1027,3,10,yes,11,0.060416295297420874,0.060416295297420874
1028,3,10,no,7,-0.03747903961821064,0.03747903961821064
1029,3,10,yes,1,0.005565672514303843,0.005565672514303843
1030,3,10,no,2,0.010922632782753516,0.010922632782753516
1229,3,11,yes,1,-0.004252962151704676,0.004252962151704676
1031,3,10,yes,1,-0.0054262663116700915,0.0054262663116700915
674,3,9,yes,1,0.006869527289091959,0.006869527289091959
1230,3,11,yes,1,0.004252962151704676,0.004252962151704676
1492,5,17,no,17,-0.054594747018112774,0.054594747018112774
675,3,9,yes,1,0.0068484456234291224,0.0068484456234291224
1493,5,17,yes,13,0.04002563668827032,0.04002563668827032
1032,3,10,no,1,-0.005496366471083425,0.005496366471083425
1494,5,17,no,4,-0.013473602565995585,0.013473602565995585
156,3,7,yes,1,0.0057680800157665635,0.0057680800157665635
1495,5,17,yes,1,-0.003202385934887142,0.003202385934887142
157,3,7,no,14,0.07341044258604923,0.07341044258604923
406,3,8,no,1,-0.0036768586438180595,0.0036768586438180595
676,3,9,no,2,0.013623552730002264,0.013623552730002264
407,3,8,no,1,-0.0037472034806167454,0.0037472034806167454
677,3,9,no,1,-0.0067987210476098126,0.0067987210476098126
1588,5,18,yes,14,0.014781348463474987,0.014781348463474987
1231,3,11,no,11,0.04202733162728356,0.04202733162728356
1496,5,17,yes,14,0.051054314275549545,0.051054314275549545
678,3,9,no,3,-0.020542804594913533,0.020542804594913533
1033,3,10,yes,1,0.005496366471083425,0.005496366471083425
158,3,7,no,6,-0.02973506875455645,0.02973506875455645
159,3,7,yes,12,-0.06713522219561274,0.06713522219561274
1589,5,18,no,12,-0.012980677511355614,0.012980677511355614
679,3,9,yes,1,-0.006888044756477085,0.006888044756477085
1034,3,10,yes,1,0.0054262663116700915,0.0054262663116700915
160,3,7,yes,7,0.04036123549360582,0.04036123549360582
680,3,9,no,14,0.09385307604156079,0.09385307604156079
1497,5,17,no,2,-0.008140202627770848,0.008140202627770848
681,3,9,no,1,-0.0064588943083874195,0.0064588943083874195
682,3,9,yes,1,-0.00650533374811868,0.00650533374811868
683,3,9,no,1,-0.006549739658341158,0.006549739658341158
684,3,9,no,4,-0.026600215452086906,0.026600215452086906
161,3,7,no,1,-0.005565672514303843,0.005565672514303843
1035,3,10,no,4,-0.022122415450619104,0.022122415450619104
1036,3,10,yes,1,0.005634110153561744,0.005634110153561744
162,3,7,no,12,0.062074727970867216,0.062074727970867216
1232,3,11,no,11,-0.04202733162728356,0.04202733162728356
685,3,9,no,16,0.10185223627108808,0.10185223627108808
686,3,9,no,11,-0.06870228116066002,0.06870228116066002
163,3,7,no,1,-0.004771406440793768,0.004771406440793768
1498,5,17,no,2,-0.007850913624326716,0.007850913624326716
1037,3,10,no,1,0.005565672514303843,0.005565672514303843
687,3,9,yes,1,0.00650533374811868,0.00650533374811868
164,3,7,no,1,-0.00484547836750715,0.00484547836750715
688,3,9,no,1,-0.00650533374811868,0.00650533374811868
689,3,9,no,1,-0.006549739658341158,0.006549739658341158
1038,3,10,no,7,0.036979759497176024,0.036979759497176024
165,3,7,no,1,-0.0049193757633081425,0.0049193757633081425
1499,5,17,no,1,-0.003818099192726798,0.003818099192726798
690,3,9,yes,1,-0.006592049699952862,0.006592049699952862
1039,3,10,no,1,-0.005066392393269226,0.005066392393269226
408,3,8,yes,1,0.0037472034806167454,0.0037472034806167454
1040,3,10,no,7,-0.03747903961821064,0.03747903961821064
691,3,9,no,1,-0.006632203865068909,0.006632203865068909
1233,3,11,yes,6,-0.026626428744366493,0.026626428744366493
1500,5,17,no,1,-0.003747203480616801,0.003747203480616801
166,3,7,no,9,-0.047538467399258155,0.047538467399258155
692,3,9,yes,1,0.006632203865068909,0.006632203865068909
1234,3,11,yes,5,0.022373466592661817,0.022373466592661817
1501,5,17,yes,2,-0.007283956091628269,0.007283956091628269
167,3,7,no,1,0.005565672514303843,0.005565672514303843
1041,3,10,no,1,0.005565672514303843,0.005565672514303843
1502,5,17,no,2,-0.00700739832340963,0.00700739832340963
1235,3,11,yes,20,-0.10048113072569897,0.10048113072569897
1236,3,11,yes,8,-0.04790445626361839,0.04790445626361839
1237,3,11,yes,3,0.01842233040957575,0.01842233040957575
1503,5,17,yes,1,0.0034694475658122448,0.0034694475658122448
1504,5,17,no,14,-0.04267310954991102,0.04267310954991102
1238,3,11,no,1,0.006022277489922678,0.006022277489922678
168,3,7,no,2,0.010922632782753516,0.010922632782753516
1505,5,17,yes,1,0.002647472861640701,0.002647472861640701
1239,3,11,yes,13,0.07227460259751262,0.07227460259751262
1506,5,17,yes,13,0.04002563668827032,0.04002563668827032
169,3,7,yes,1,0.00535544554716183,0.00535544554716183
1240,3,11,yes,7,0.033915893411126774,0.033915893411126774
1507,5,17,no,1,-0.0034694475658122448,0.0034694475658122448
693,3,9,no,1,0.006592049699952862,0.006592049699952862
1508,5,17,no,5,-0.016344012873358016,0.016344012873358016
1042,3,10,yes,1,0.005496366471083425,0.005496366471083425
1043,3,10,no,15,0.07375674435615487,0.07375674435615487
1241,3,11,yes,5,-0.02385646563007926,0.02385646563007926
1044,3,10,no,11,-0.05247912412523137,0.05247912412523137
1509,5,17,no,6,-0.017506419620151037,0.017506419620151037
409,3,8,no,1,0.0036768586438180595,0.0036768586438180595
1510,5,17,no,1,-0.0027057566289490215,0.0027057566289490215
1045,3,10,no,2,0.010205772795169099,0.010205772795169099
1046,3,10,no,1,0.0049930353877782885,0.0049930353877782885
694,3,9,no,11,-0.07433910832671353,0.07433910832671353
1047,3,10,yes,13,-0.07047572307846839,0.07047572307846839
1048,3,10,no,1,0.005833461048261657,0.005833461048261657
1511,5,17,yes,3,0.008295582634236784,0.008295582634236784
1242,3,11,no,1,0.0049193757633081425,0.0049193757633081425
1243,3,11,yes,1,0.00484547836750715,0.00484547836750715
1049,3,10,no,13,0.06956163779351487,0.06956163779351487
1050,3,10,yes,1,0.00484547836750715,0.00484547836750715
695,3,9,no,2,0.013757572045569044,0.013757572045569044
1244,3,11,yes,6,0.02751546181146869,0.02751546181146869
410,3,8,yes,1,0.0036070974478101814,0.0036070974478101814
170,3,7,no,6,-0.0331794654594012,0.0331794654594012
1245,3,11,no,1,-0.004400521639892241,0.004400521639892241
1512,5,17,no,1,-0.0028249181734272544,0.0028249181734272544
696,3,9,no,6,0.04068713806414781,0.04068713806414781
697,3,9,no,1,-0.006705817235090228,0.006705817235090228
1051,3,10,no,1,-0.00484547836750715,0.00484547836750715
171,3,7,no,1,0.005701604461620269,0.005701604461620269
1513,5,17,yes,12,0.038092922985058175,0.038092922985058175
698,3,9,yes,1,0.006705817235090228,0.006705817235090228
172,3,7,no,4,0.022122415450619104,0.022122415450619104
1052,3,10,yes,8,0.036687572947950664,0.036687572947950664
1514,5,17,yes,5,0.01873876985455894,0.01873876985455894
1053,3,10,no,6,-0.027070688139649746,0.027070688139649746
173,3,7,no,1,0.00535544554716183,0.00535544554716183
1246,3,11,no,9,-0.042939222083439255,0.042939222083439255
1054,3,10,no,12,-0.062074727970867216,0.062074727970867216
1515,5,17,no,15,-0.05112099662172828,0.05112099662172828
1516,5,17,no,1,-0.002885778044461579,0.002885778044461579
1517,5,17,no,1,-0.0028249181734272544,0.0028249181734272544
1518,5,17,no,13,-0.03158164864890353,0.03158164864890353
1055,3,10,no,8,0.04254543201147987,0.04254543201147987
699,3,9,no,2,-0.013444986864202035,0.013444986864202035
1056,3,10,no,18,0.0785889234629874,0.0785889234629874
1057,3,10,yes,1,0.0036768586438180595,0.0036768586438180595
1247,3,11,no,1,0.005066392393269226,0.005066392393269226
1519,5,17,yes,1,0.0021133306609868174,0.0021133306609868174
1248,3,11,no,1,0.0049930353877782885,0.0049930353877782885
1058,3,10,no,16,0.049818157755318615,0.049818157755318615
1520,5,17,no,10,-0.019054738687647926,0.019054738687647926
1059,3,10,no,3,-0.00811813732245037,0.00811813732245037
1249,3,11,no,10,0.04585991086296348,0.04585991086296348
700,3,9,yes,12,-0.08257020646231472,0.08257020646231472
701,3,9,no,7,0.04845852797327699,0.04845852797327699
702,3,9,no,1,-0.006888044756477085,0.006888044756477085
1060,3,10,no,1,-0.0028249181734271156,0.0028249181734271156
1061,3,10,yes,9,-0.028260606488221263,0.028260606488221263
703,3,9,no,1,0.006888044756477085,0.006888044756477085
704,3,9,yes,1,0.006869527289091959,0.006869527289091959
411,3,8,yes,14,-0.057023378536758096,0.057023378536758096
1062,3,10,yes,1,0.003401615024017257,0.003401615024017257
1063,3,10,yes,9,-0.0331091857367255,0.0331091857367255
705,3,9,yes,14,0.09286616460137576,0.09286616460137576
1250,3,11,yes,8,-0.03609505673214819,0.03609505673214819
1251,3,11,no,1,-0.00484547836750715,0.00484547836750715
1064,3,10,yes,1,-0.00403373492910708,0.00403373492910708
706,3,9,yes,2,-0.01277066060538401,0.01277066060538401
1065,3,10,no,1,-0.0041064676986638515,0.0041064676986638515
1066,3,10,yes,9,-0.040274615018952575,0.040274615018952575
412,3,8,yes,1,0.004548750366815679,0.004548750366815679
1521,5,17,yes,8,0.01487659748595016,0.01487659748595016
1067,3,10,no,9,-0.04624128254468618,0.04624128254468618
1522,5,17,yes,1,0.0020648105407109485,0.0020648105407109485
1523,5,17,no,11,-0.02023583837184193,0.02023583837184193
1068,3,10,yes,1,0.0054262663116700915,0.0054262663116700915
1252,3,11,no,1,0.00484547836750715,0.00484547836750715
1069,3,10,yes,9,0.04558642267380986,0.04558642267380986
1070,3,10,yes,1,0.004697221546987929,0.004697221546987929
1071,3,10,yes,1,-0.004697221546987929,0.004697221546987929
1524,5,17,no,1,-0.001588088609475631,0.001588088609475631
174,3,7,yes,1,0.005283976781832678,0.005283976781832678
707,3,9,no,12,-0.08009550399599175,0.08009550399599175
413,3,8,no,6,0.02574072085153678,0.02574072085153678
1253,3,11,no,9,0.040274615018952575,0.040274615018952575
708,3,9,no,8,-0.05532805526236895,0.05532805526236895
1525,5,17,yes,5,0.008340092329584492,0.008340092329584492
709,3,9,no,4,0.02774923505451321,0.02774923505451321
710,3,9,no,3,0.020709292918763778,0.020709292918763778
414,3,8,no,1,0.00403373492910708,0.00403373492910708
415,3,8,no,15,-0.06823909955858631,0.06823909955858631
711,3,9,no,6,0.04085084811814954,0.04085084811814954
416,3,8,no,1,0.005066392393269226,0.005066392393269226
1254,3,11,no,1,-0.004179558286804386,0.004179558286804386
175,3,7,yes,13,0.062017688484465094,0.062017688484465094
417,3,8,no,9,0.04227335133006227,0.04227335133006227
1526,5,17,yes,1,0.0017920493269606846,0.0017920493269606846
176,3,7,yes,1,-0.004326632768974825,0.004326632768974825
1072,3,10,no,2,-0.009616884808300918,0.009616884808300918
177,3,7,no,12,-0.05769105571549027,0.05769105571549027
1073,3,10,no,2,-0.009912411151086431,0.009912411151086431
178,3,7,no,1,0.0052119315902589,0.0052119315902589
1590,5,18,yes,10,0.010533033712766537,0.010533033712766537
1527,5,17,no,1,-0.0017920493269606846,0.0017920493269606846
1591,5,18,yes,1,0.0012083954815765574,0.0012083954815765574
1592,5,18,yes,1,0.0012392483170125188,0.0012392483170125188
1528,5,17,yes,10,0.019972934703466297,0.019972934703466297
418,3,8,no,16,0.06061108154814632,0.06061108154814632
419,3,8,no,2,-0.006602539976166,0.006602539976166
1074,3,10,no,1,0.0049930353877782885,0.0049930353877782885
179,3,7,yes,2,0.010205772795169099,0.010205772795169099
1593,5,18,no,1,-0.0012392483170125188,0.0012392483170125188
1255,3,11,no,2,-0.0085795949206795,0.0085795949206795
1075,3,10,no,6,0.02840521599689494,0.02840521599689494
1076,3,10,yes,2,0.008875099945389042,0.008875099945389042
1256,3,11,yes,6,0.024860758369994462,0.024860758369994462
712,3,9,yes,4,0.026600215452086906,0.026600215452086906
713,3,9,no,1,-0.006592049699952862,0.006592049699952862
714,3,9,yes,8,-0.053989486581191626,0.053989486581191626
1257,3,11,no,2,0.007707610282313926,0.007707610282313926
715,3,9,yes,1,0.0068484456234291224,0.0068484456234291224
1077,3,10,yes,10,-0.047339743723331495,0.047339743723331495
1529,5,17,no,2,-0.004375769390746409,0.004375769390746409
716,3,9,yes,7,0.0471410409577625,0.0471410409577625
717,3,9,no,6,0.03887667802018413,0.03887667802018413
1258,3,11,yes,1,-0.003818099192726798,0.003818099192726798
718,3,9,yes,6,-0.03887667802018413,0.03887667802018413
1530,5,17,no,1,-0.0021133306609868174,0.0021133306609868174
1531,5,17,no,2,-0.0040819835152052925,0.0040819835152052925
1078,3,10,no,9,0.042939222083439255,0.042939222083439255
719,3,9,yes,1,-0.006632203865068909,0.006632203865068909
1532,5,17,no,1,-0.0019704136188763294,0.0019704136188763294
1079,3,10,yes,1,0.004400521639892241,0.004400521639892241
1080,3,10,no,1,-0.004400521639892241,0.004400521639892241
720,3,9,yes,1,0.006632203865068909,0.006632203865068909
721,3,9,no,1,-0.006632203865068909,0.006632203865068909
722,3,9,no,1,0.006632203865068909,0.006632203865068909
1533,5,17,no,9,-0.01577152984723594,0.01577152984723594
1081,3,10,no,2,0.008727154408867066,0.008727154408867066
1082,3,10,no,1,0.004252962151704676,0.004252962151704676
1259,3,11,yes,12,-0.05149432483025651,0.05149432483025651
180,3,7,no,6,-0.0314833930260926,0.0314833930260926
1083,3,10,no,2,-0.0085795949206795,0.0085795949206795
1084,3,10,no,3,0.012759153207483886,0.012759153207483886
1085,3,10,yes,5,-0.02163425315287293,0.02163425315287293
723,3,9,yes,1,-0.006632203865068909,0.006632203865068909
1086,3,10,no,1,0.004474578305496801,0.004474578305496801
1534,5,17,yes,1,0.001588088609475631,0.001588088609475631
1535,5,17,no,1,-0.001588088609475631,0.001588088609475631
1536,5,17,yes,1,0.001588088609475631,0.001588088609475631
1260,3,11,yes,1,0.004697221546987929,0.004697221546987929
181,3,7,no,2,-0.011062038985387268,0.011062038985387268
1087,3,10,yes,2,0.008727154408867066,0.008727154408867066
1088,3,10,yes,1,0.004252962151704676,0.004252962151704676
1537,5,17,yes,1,0.001627234912458149,0.001627234912458149
1538,5,17,no,10,-0.014605299131516668,0.014605299131516668
420,3,8,no,5,-0.017692969439055184,0.017692969439055184
1261,3,11,yes,1,-0.004697221546987929,0.004697221546987929
1594,5,18,no,13,-0.013542100146462469,0.013542100146462469
1539,5,17,no,7,0.009840228309943161,0.009840228309943161
1540,5,17,yes,5,0.008140245313637974,0.008140245313637974
724,3,9,yes,10,0.06426954719506695,0.06426954719506695
421,3,8,yes,2,0.007283956091628241,0.007283956091628241
725,3,9,no,2,-0.012452635921679889,0.012452635921679889
726,3,9,no,11,-0.071932042789564,0.071932042789564
182,3,7,yes,1,0.005565672514303843,0.005565672514303843
1262,3,11,yes,1,0.004697221546987929,0.004697221546987929
1263,3,11,no,8,0.03491245472983473,0.03491245472983473
422,3,8,no,4,0.013743491824351195,0.013743491824351195
423,3,8,no,1,-0.003334478476924252,0.003334478476924252
1264,3,11,yes,3,-0.012538988137172913,0.012538988137172913
183,3,7,yes,1,0.005496366471083425,0.005496366471083425
184,3,7,yes,13,0.06488164441076583,0.06488164441076583
1541,5,17,no,1,-0.0017079790593417937,0.0017079790593417937
1542,5,17,no,1,-0.0016671954327226735,0.0016671954327226735
1543,5,17,yes,1,0.0016671954327226735,0.0016671954327226735
185,3,7,yes,1,-0.004548750366815679,0.004548750366815679
186,3,7,no,1,-0.00462298351148227,0.00462298351148227
1544,5,17,no,1,-0.0016671954327226735,0.0016671954327226735
424,3,8,no,1,-0.003401615024017257,0.003401615024017257
727,3,9,no,1,0.0067391696291118075,0.0067391696291118075
187,3,7,yes,1,0.00462298351148227,0.00462298351148227
188,3,7,no,1,-0.00462298351148227,0.00462298351148227
1089,3,10,yes,2,-0.0085795949206795,0.0085795949206795
1619,5,20,yes,1,0.0010373521350486442,0.0010373521350486442
1090,3,10,no,1,0.004326632768974825,0.004326632768974825
1265,3,11,no,1,0.004252962151704676,0.004252962151704676
189,3,7,no,1,-0.004697221546987929,0.004697221546987929
1620,5,20,no,1,-0.0010373521350486442,0.0010373521350486442
190,3,7,no,1,-0.004771406440793768,0.004771406440793768
728,3,9,no,2,0.013375961887065135,0.013375961887065135
1091,3,10,no,7,0.028241735883333563,0.028241735883333563
1545,5,17,no,6,-0.009192170211589912,0.009192170211589912
1546,5,17,no,1,-0.0014042374014612488,0.0014042374014612488
1092,3,10,no,1,-0.003818099192726798,0.003818099192726798
1093,3,10,no,1,-0.0038895110895871277,0.0038895110895871277
191,3,7,no,4,0.018640361866079647,0.018640361866079647
729,3,9,no,3,0.01977399322336293,0.01977399322336293
192,3,7,no,6,-0.02840521599689494,0.02840521599689494
1547,5,17,no,1,-0.0013697729675739914,0.0013697729675739914
1548,5,17,no,1,-0.0013360527153829932,0.0013360527153829932
1266,3,11,yes,1,0.004179558286804386,0.004179558286804386
193,3,7,no,7,-0.03647642841387089,0.03647642841387089
194,3,7,yes,10,-0.057962400907772826,0.057962400907772826
1267,3,11,yes,1,-0.004179558286804386,0.004179558286804386
1621,5,20,yes,1,0.0010373521350486442,0.0010373521350486442
195,3,7,yes,1,0.006082521453160905,0.006082521453160905
1549,5,17,no,1,-0.0013030658355085226,0.0013030658355085226
196,3,7,no,1,0.006022277489922678,0.006022277489922678
425,3,8,no,3,-0.010614495771219867,0.010614495771219867
197,3,7,no,1,-0.006022277489922678,0.006022277489922678
1550,5,17,yes,1,0.0013030658355085226,0.0013030658355085226
1551,5,17,no,1,-0.0013030658355085226,0.0013030658355085226
198,3,7,no,13,0.07315749968553542,0.07315749968553542
730,3,9,no,1,-0.006549739658341158,0.006549739658341158
1268,3,11,yes,8,0.03141283585606369,0.03141283585606369
731,3,9,yes,19,-0.1297949092895183,0.1297949092895183
426,3,8,no,9,0.030031846662099904,0.030031846662099904
427,3,8,no,1,-0.003073338017522187,0.003073338017522187
428,3,8,no,9,-0.030635367288395776,0.030635367288395776
732,3,9,no,1,0.006941319797744205,0.006941319797744205
1622,5,20,no,1,-0.0010373521350486442,0.0010373521350486442
1269,3,11,no,1,-0.0036768586438180595,0.0036768586438180595
733,3,9,yes,11,0.07594533051645119,0.07594533051645119
199,3,7,yes,1,-0.0052119315902589,0.0052119315902589
734,3,9,no,3,-0.020542804594913533,0.020542804594913533
1270,3,11,yes,7,-0.027735977212245633,0.027735977212245633
1552,5,17,no,1,0.0013030658355085226,0.0013030658355085226
735,3,9,yes,1,0.006869527289091959,0.006869527289091959
736,3,9,yes,1,0.0068484456234291224,0.0068484456234291224
1553,5,17,yes,4,0.005549519757678492,0.005549519757678492
737,3,9,yes,1,-0.0068484456234291224,0.0068484456234291224
738,3,9,yes,1,0.0068484456234291224,0.0068484456234291224
739,3,9,no,6,-0.0413552155130551,0.0413552155130551
740,3,9,no,3,0.020749197844056932,0.020749197844056932
1094,3,10,yes,1,-0.003961402534739644,0.003961402534739644
200,3,7,no,12,-0.06794556809527652,0.06794556809527652
741,3,9,yes,1,0.006888044756477085,0.006888044756477085
1095,3,10,yes,1,-0.00403373492910708,0.00403373492910708
201,3,7,no,3,-0.01842233040957575,0.01842233040957575
202,3,7,yes,10,0.0592401708788004,0.0592401708788004
429,3,8,no,1,0.0036768586438180595,0.0036768586438180595
203,3,7,yes,1,0.005565672514303843,0.005565672514303843
1608,5,19,yes,3,0.002808265223587278,0.002808265223587278
1609,5,19,yes,4,0.004098104671220848,0.004098104671220848
1271,3,11,yes,1,-0.004252962151704676,0.004252962151704676
742,3,9,no,2,-0.013792014619873005,0.013792014619873005
1610,5,19,no,1,-0.0010642405575949643,0.0010642405575949643
743,3,9,yes,1,0.00690396986339592,0.00690396986339592
1611,5,19,no,1,-0.0010373521350486442,0.0010373521350486442
1272,3,11,no,1,-0.004326632768974825,0.004326632768974825
1273,3,11,no,4,0.016865620906147738,0.016865620906147738
744,3,9,no,1,-0.00690396986339592,0.00690396986339592
745,3,9,no,1,0.00690396986339592,0.00690396986339592
430,3,8,no,1,0.0036070974478101814,0.0036070974478101814
204,3,7,no,1,0.005496366471083425,0.005496366471083425
1554,5,17,no,1,-0.0014394566732602587,0.0014394566732602587
205,3,7,yes,6,-0.0339992946645975,0.0339992946645975
746,3,9,yes,8,0.054444710109716854,0.054444710109716854
747,3,9,no,1,-0.006705817235090228,0.006705817235090228
431,3,8,yes,15,-0.061646362048240366,0.061646362048240366
432,3,8,no,1,0.00462298351148227,0.00462298351148227
1555,5,17,no,4,0.005976846689656132,0.005976846689656132
748,3,9,yes,2,0.013375961887065135,0.013375961887065135
433,3,8,yes,1,0.004548750366815679,0.004548750366815679
434,3,8,yes,1,0.004474578305496801,0.004474578305496801
749,3,9,no,1,0.006632203865068909,0.006632203865068909
206,3,7,no,1,0.005833461048261657,0.005833461048261657
750,3,9,no,13,-0.0884962564708176,0.0884962564708176
751,3,9,yes,1,0.00692794968177024,0.00692794968177024
207,3,7,yes,1,0.0057680800157665635,0.0057680800157665635
1096,3,10,no,1,-0.0041064676986638515,0.0041064676986638515
435,3,8,yes,14,0.0550074481878553,0.0550074481878553
752,3,9,yes,9,0.06156014103691332,0.06156014103691332
1274,3,11,no,13,-0.05913897223621001,0.05913897223621001
1275,3,11,no,13,-0.07138035929358288,0.07138035929358288
1276,3,11,no,8,0.04532323257916038,0.04532323257916038
208,3,7,no,3,-0.017499212666921005,0.017499212666921005
1097,3,10,yes,1,-0.004179558286804386,0.004179558286804386
1277,3,11,no,1,0.00535544554716183,0.00535544554716183
209,3,7,no,14,-0.08847627438402295,0.08847627438402295
1278,3,11,yes,1,0.005283976781832678,0.005283976781832678
1098,3,10,yes,1,0.004179558286804386,0.004179558286804386
1099,3,10,yes,1,0.0041064676986638515,0.0041064676986638515
1279,3,11,yes,6,0.03017559390402158,0.03017559390402158
1556,5,17,no,9,-0.012660776996440831,0.012660776996440831
210,3,7,no,1,-0.0066701446519749075,0.0066701446519749075
211,3,7,yes,1,0.0066701446519749075,0.0066701446519749075
212,3,7,yes,19,0.11731120166612596,0.11731120166612596
213,3,7,no,1,-0.005634110153561744,0.005634110153561744
753,3,9,no,3,0.020008165752134044,0.020008165752134044
1557,5,17,no,10,-0.011084413030784397,0.011084413030784397
214,3,7,yes,1,-0.005701604461620269,0.005701604461620269
754,3,9,yes,1,-0.006632203865068909,0.006632203865068909
1663,5,21,yes,1,0.0009603681248038787,0.0009603681248038787
1100,3,10,yes,1,0.00403373492910708,0.00403373492910708
215,3,7,yes,14,0.07341044258604923,0.07341044258604923
755,3,9,no,10,-0.06801882462508768,0.06801882462508768
216,3,7,yes,1,-0.004771406440793768,0.004771406440793768
756,3,9,no,2,0.013792014619873005,0.013792014619873005
217,3,7,no,9,-0.04624128254468618,0.04624128254468618
1280,3,11,no,11,-0.05730332153007345,0.05730332153007345
757,3,9,yes,7,0.04755666535323977,0.04755666535323977
1281,3,11,yes,2,0.011062038985387268,0.011062038985387268
758,3,9,yes,1,0.0066701446519749075,0.0066701446519749075
218,3,7,yes,12,0.06033289404395015,0.06033289404395015
759,3,9,no,1,-0.0066701446519749075,0.0066701446519749075
1282,3,11,yes,1,0.0054262663116700915,0.0054262663116700915
1283,3,11,yes,7,0.03596953786550894,0.03596953786550894
219,3,7,no,4,-0.018937089866771117,0.018937089866771117
220,3,7,no,18,0.07596046840352921,0.07596046840352921
221,3,7,no,15,-0.061646362048240366,0.061646362048240366
222,3,7,no,1,-0.004697221546987929,0.004697221546987929
1101,3,10,no,1,0.003961402534739644,0.003961402534739644
1558,5,17,yes,1,0.0009854271973470732,0.0009854271973470732
760,3,9,yes,1,0.0066701446519749075,0.0066701446519749075
761,3,9,no,1,0.006632203865068909,0.006632203865068909
1284,3,11,no,1,0.00484547836750715,0.00484547836750715
223,3,7,yes,1,-0.004771406440793768,0.004771406440793768
224,3,7,no,11,-0.05730332153007345,0.05730332153007345
762,3,9,no,2,0.01314178935829402,0.01314178935829402
1285,3,11,no,1,0.004771406440793768,0.004771406440793768
763,3,9,no,2,-0.01314178935829402,0.01314178935829402
764,3,9,yes,1,0.006592049699952862,0.006592049699952862
765,3,9,yes,1,-0.006592049699952862,0.006592049699952862
1623,5,20,yes,20,0.026631197003304442,0.026631197003304442
1624,5,20,yes,1,0.0017079790593417937,0.0017079790593417937
1559,5,17,yes,2,0.0020484369162788105,0.0020484369162788105
766,3,9,no,1,0.006592049699952862,0.006592049699952862
225,3,7,yes,6,-0.034795562979301975,0.034795562979301975
1625,5,20,no,8,-0.012567344703654379,0.012567344703654379
436,3,8,no,4,0.013206540935070454,0.013206540935070454
1286,3,11,yes,14,-0.07341044258604923,0.07341044258604923
226,3,7,no,4,0.023459848364119962,0.023459848364119962
1287,3,11,no,2,0.011335714615182013,0.011335714615182013
1288,3,11,no,1,0.005565672514303843,0.005565672514303843
1289,3,11,no,13,0.06582926051503357,0.06582926051503357
767,3,9,no,4,-0.026600215452086906,0.026600215452086906
1626,5,20,yes,6,0.009192170211589912,0.009192170211589912
1560,5,17,no,1,-0.0010373521350486442,0.0010373521350486442
768,3,9,yes,1,-0.0067391696291118075,0.0067391696291118075
227,3,7,yes,14,-0.08620149382758102,0.08620149382758102
1561,5,17,yes,2,0.0021015926926436085,0.0021015926926436085
228,3,7,no,1,0.00650533374811868,0.00650533374811868
229,3,7,no,16,0.0965975472089482,0.0965975472089482
230,3,7,no,1,-0.005565672514303843,0.005565672514303843
1562,5,17,no,1,-0.0010642405575949643,0.0010642405575949643
1627,5,20,no,8,-0.011966180580625152,0.011966180580625152
231,3,7,yes,1,0.005565672514303843,0.005565672514303843
1563,5,17,yes,2,0.0021560019341434686,0.0021560019341434686
232,3,7,no,5,-0.028502928193514077,0.028502928193514077
1290,3,11,no,2,-0.009320205058470199,0.009320205058470199
1564,5,17,no,5,-0.005189866047769352,0.005189866047769352
1612,5,19,yes,7,0.007848652735194639,0.007848652735194639
769,3,9,no,2,0.013444986864202035,0.013444986864202035
770,3,9,yes,4,0.026444137875337836,0.026444137875337836
771,3,9,no,4,-0.026444137875337836,0.026444137875337836
1628,5,20,no,9,-0.010896228297313008,0.010896228297313008
1629,5,20,yes,1,0.0010917613765485043,0.0010917613765485043
772,3,9,yes,1,-0.006705817235090228,0.006705817235090228
233,3,7,no,16,-0.10104409063889064,0.10104409063889064
234,3,7,yes,2,0.013302348517043816,0.013302348517043816
235,3,7,yes,1,0.006592049699952862,0.006592049699952862
437,3,8,no,1,-0.0032023859348871975,0.0032023859348871975
236,3,7,yes,6,0.038592657708365286,0.038592657708365286
773,3,9,yes,3,0.020008165752134044,0.020008165752134044
774,3,9,yes,1,0.006592049699952862,0.006592049699952862
1613,5,19,no,12,-0.012653429937359156,0.012653429937359156
1630,5,20,no,5,-0.005189866047769352,0.005189866047769352
237,3,7,yes,2,0.012452635921679889,0.012452635921679889
1102,3,10,no,2,0.007707610282313926,0.007707610282313926
1291,3,11,yes,2,-0.009616884808300918,0.009616884808300918
775,3,9,no,1,-0.006592049699952862,0.006592049699952862
238,3,7,no,14,0.08016938209711089,0.08016938209711089
239,3,7,no,8,-0.044231522257000444,0.044231522257000444
776,3,9,no,1,-0.006632203865068909,0.006632203865068909
438,3,8,no,1,-0.003268061499241748,0.003268061499241748
240,3,7,no,2,-0.011731132651154441,0.011731132651154441
241,3,7,yes,1,0.0058976716028927845,0.0058976716028927845
242,3,7,no,1,0.005833461048261657,0.005833461048261657
777,3,9,yes,2,0.01322425356502177,0.01322425356502177
778,3,9,no,2,0.013055073406459838,0.013055073406459838
779,3,9,no,1,-0.00650533374811868,0.00650533374811868
780,3,9,yes,1,0.00650533374811868,0.00650533374811868
243,3,7,yes,1,0.0057680800157665635,0.0057680800157665635
1292,3,11,no,1,0.00484547836750715,0.00484547836750715
244,3,7,no,1,0.005701604461620269,0.005701604461620269
245,3,7,yes,16,0.08157779354971484,0.08157779354971484
1293,3,11,no,9,0.040274615018952575,0.040274615018952575
1294,3,11,no,14,-0.06523827733271526,0.06523827733271526
246,3,7,no,7,-0.03339825138467323,0.03339825138467323
247,3,7,no,1,-0.005066392393269226,0.005066392393269226
248,3,7,no,7,-0.03747903961821064,0.03747903961821064
1295,3,11,no,14,0.06523827733271526,0.06523827733271526
1296,3,11,no,1,-0.004179558286804386,0.004179558286804386
249,3,7,no,5,0.027127727626051867,0.027127727626051867
439,3,8,no,7,-0.02477465139659618,0.02477465139659618
1103,3,10,yes,18,-0.07990811237563988,0.07990811237563988
1104,3,10,no,20,0.08733217450007469,0.08733217450007469
250,3,7,no,3,-0.0160656886406646,0.0160656886406646
781,3,9,no,6,0.037990220223585336,0.037990220223585336
782,3,9,yes,2,-0.012452635921679889,0.012452635921679889
251,3,7,no,6,0.0314833930260926,0.0314833930260926
783,3,9,no,14,-0.09232574836608065,0.09232574836608065
784,3,9,yes,1,0.0068248316823924515,0.0068248316823924515
785,3,9,yes,9,0.05996333238178275,0.05996333238178275
1105,3,10,yes,8,-0.03141283585606369,0.03141283585606369
440,3,8,no,11,-0.04599221896451311,0.04599221896451311
1106,3,10,yes,1,0.004179558286804386,0.004179558286804386
1297,3,11,yes,1,0.004179558286804386,0.004179558286804386
441,3,8,yes,7,-0.033915893411126774,0.033915893411126774
1107,3,10,yes,1,0.0041064676986638515,0.0041064676986638515
252,3,7,yes,1,-0.005066392393269226,0.005066392393269226
253,3,7,yes,1,-0.0051393804018998734,0.0051393804018998734
1298,3,11,no,7,-0.03080598703117088,0.03080598703117088
1299,3,11,no,6,0.026626428744366493,0.026626428744366493
786,3,9,no,6,-0.039655288858546744,0.039655288858546744
442,3,8,yes,1,0.005066392393269226,0.005066392393269226
1300,3,11,yes,1,0.004179558286804386,0.004179558286804386
443,3,8,no,5,0.024226517506375278,0.024226517506375278
444,3,8,no,1,0.00462298351148227,0.00462298351148227
445,3,8,yes,7,0.03028947121835246,0.03028947121835246
1301,3,11,yes,14,-0.06523827733271526,0.06523827733271526
1302,3,11,no,1,0.0051393804018998734,0.0051393804018998734
1108,3,10,no,1,0.00403373492910708,0.00403373492910708
787,3,9,no,6,-0.04085084811814954,0.04085084811814954
1303,3,11,yes,1,0.005066392393269226,0.005066392393269226
254,3,7,yes,1,0.0051393804018998734,0.0051393804018998734
788,3,9,no,5,0.03411167848903773,0.03411167848903773
789,3,9,no,1,-0.006770152846514388,0.006770152846514388
255,3,7,yes,3,0.014978803544355657,0.014978803544355657
790,3,9,yes,1,0.006770152846514388,0.006770152846514388
1304,3,11,yes,2,0.009912411151086431,0.009912411151086431
446,3,8,no,7,0.026733907318405636,0.026733907318405636
1305,3,11,no,1,0.00484547836750715,0.00484547836750715
256,3,7,no,13,-0.06956163779351487,0.06956163779351487
791,3,9,yes,1,0.0067391696291118075,0.0067391696291118075
257,3,7,no,13,0.06956163779351487,0.06956163779351487
1664,5,21,yes,13,0.014994332968533856,0.014994332968533856
792,3,9,no,2,0.013375961887065135,0.013375961887065135
1306,3,11,yes,8,0.03609505673214819,0.03609505673214819
1665,5,21,no,1,-0.0013360527153829932,0.0013360527153829932
1109,3,10,no,5,-0.020899355835254818,0.020899355835254818
793,3,9,yes,1,-0.0066701446519749075,0.0066701446519749075
258,3,7,no,9,-0.046892170648262455,0.046892170648262455
1307,3,11,yes,1,0.004179558286804386,0.004179558286804386
1308,3,11,no,1,-0.004179558286804386,0.004179558286804386
1666,5,21,no,1,-0.0013030658355085226,0.0013030658355085226
259,3,7,yes,10,0.051737649015769605,0.051737649015769605
260,3,7,no,8,-0.04081501623301609,0.04081501623301609
1110,3,10,no,7,-0.03236094017897584,0.03236094017897584
1111,3,10,no,1,0.00484547836750715,0.00484547836750715
1112,3,10,yes,1,0.004771406440793768,0.004771406440793768
1113,3,10,yes,6,0.027070688139649746,0.027070688139649746
794,3,9,no,3,0.019894398216996678,0.019894398216996678
261,3,7,yes,1,0.00535544554716183,0.00535544554716183
262,3,7,yes,6,0.030614092318347108,0.030614092318347108
1114,3,10,no,6,-0.027070688139649746,0.027070688139649746
263,3,7,no,1,-0.0049193757633081425,0.0049193757633081425
1565,5,17,yes,1,0.0009854271973470732,0.0009854271973470732
795,3,9,yes,4,-0.026600215452086906,0.026600215452086906
796,3,9,yes,1,0.006705817235090228,0.006705817235090228
797,3,9,yes,1,0.0066701446519749075,0.0066701446519749075
1115,3,10,no,8,0.03550320857815881,0.03550320857815881
1116,3,10,no,13,0.04785192834066243,0.04785192834066243
1667,5,21,no,1,-0.0012708013868579435,0.0012708013868579435
798,3,9,no,1,0.006632203865068909,0.006632203865068909
447,3,8,no,1,-0.0036070974478101814,0.0036070974478101814
1117,3,10,yes,1,-0.003268061499241748,0.003268061499241748
799,3,9,yes,1,0.006592049699952862,0.006592049699952862
1309,3,11,yes,9,-0.04094053509965534,0.04094053509965534
1118,3,10,yes,1,-0.003334478476924252,0.003334478476924252
264,3,7,no,7,0.03287979430239174,0.03287979430239174
1668,5,21,no,1,-0.0012392483170125188,0.0012392483170125188
448,3,8,no,1,-0.0036768586438180595,0.0036768586438180595
1310,3,11,no,11,-0.05809195331612804,0.05809195331612804
1669,5,21,no,13,-0.013542100146462469,0.013542100146462469
265,3,7,no,13,-0.06392995640459254,0.06392995640459254
449,3,8,no,1,-0.0037472034806167454,0.0037472034806167454
450,3,8,no,1,-0.003818099192726798,0.003818099192726798
1311,3,11,yes,1,0.005634110153561744,0.005634110153561744
266,3,7,yes,6,0.031050162102200796,0.031050162102200796
1312,3,11,no,11,0.05730332153007345,0.05730332153007345
267,3,7,yes,1,0.0049193757633081425,0.0049193757633081425
800,3,9,no,1,-0.006592049699952862,0.006592049699952862
1313,3,11,no,20,-0.11034497600113247,0.11034497600113247
1314,3,11,no,5,-0.031531325915197916,0.031531325915197916
451,3,8,no,5,-0.02017067453890209,0.02017067453890209
1315,3,11,yes,3,0.019078689993518028,0.019078689993518028
1316,3,11,no,1,0.006254119513938505,0.006254119513938505
1119,3,10,no,1,-0.003401615024017257,0.003401615024017257
1317,3,11,yes,1,0.0061985164077413835,0.0061985164077413835
801,3,9,no,4,-0.02674733538124585,0.02674733538124585
802,3,9,no,2,-0.0135688738941242,0.0135688738941242
1120,3,10,no,11,0.03385043249350905,0.03385043249350905
1318,3,11,no,1,0.00614129254867346,0.00614129254867346
803,3,9,yes,3,0.020308043523236008,0.020308043523236008
1319,3,11,no,14,0.07924002113869633,0.07924002113869633
1121,3,10,no,6,-0.017506419620151203,0.017506419620151203
268,3,7,no,1,0.00484547836750715,0.00484547836750715
804,3,9,no,1,-0.0067391696291118075,0.0067391696291118075
1122,3,10,yes,2,-0.0063398578731745925,0.0063398578731745925
452,3,8,no,1,0.004179558286804386,0.004179558286804386
1320,3,11,no,1,0.0051393804018998734,0.0051393804018998734
1123,3,10,yes,1,0.0032023859348871975,0.0032023859348871975
453,3,8,no,2,0.008140202627770932,0.008140202627770932
1124,3,10,yes,1,0.003137471938287395,0.003137471938287395
269,3,7,yes,1,0.004771406440793768,0.004771406440793768
270,3,7,no,1,0.004697221546987929,0.004697221546987929
1321,3,11,yes,1,0.005066392393269226,0.005066392393269226
271,3,7,yes,6,0.026626428744366493,0.026626428744366493
805,3,9,yes,5,-0.03411167848903773,0.03411167848903773
1125,3,10,yes,10,-0.03438257076901252,0.03438257076901252
272,3,7,no,11,-0.05085294625074177,0.05085294625074177
1322,3,11,yes,13,0.05913897223621001,0.05913897223621001
273,3,7,yes,2,0.009912411151086431,0.009912411151086431
454,3,8,no,1,-0.00403373492910708,0.00403373492910708
274,3,7,no,3,0.014314106355288847,0.014314106355288847
275,3,7,no,8,0.03491245472983473,0.03491245472983473
276,3,7,no,1,-0.0041064676986638515,0.0041064676986638515
277,3,7,no,11,0.04124938836449643,0.04124938836449643
278,3,7,yes,14,-0.05400854157198032,0.05400854157198032
1323,3,11,no,7,-0.03028947121835246,0.03028947121835246
806,3,9,no,1,0.006869527289091959,0.006869527289091959
279,3,7,yes,1,-0.004400521639892241,0.004400521639892241
1324,3,11,no,1,-0.00462298351148227,0.00462298351148227
280,3,7,no,1,-0.004474578305496801,0.004474578305496801
281,3,7,no,1,-0.004548750366815679,0.004548750366815679
807,3,9,yes,14,-0.0968985384791688,0.0968985384791688
1325,3,11,no,5,-0.024226517506375278,0.024226517506375278
1326,3,11,yes,14,0.06317270716531709,0.06317270716531709
808,3,9,yes,11,0.07623699657020383,0.07623699657020383
282,3,7,yes,13,-0.06582926051503357,0.06582926051503357
809,3,9,no,1,-0.006917278298890772,0.006917278298890772
283,3,7,no,1,-0.005565672514303843,0.005565672514303843
810,3,9,yes,16,0.10767432420384748,0.10767432420384748
284,3,7,no,1,0.005565672514303843,0.005565672514303843
1126,3,10,yes,1,0.0037472034806167454,0.0037472034806167454
1127,3,10,no,14,-0.059059627503600054,0.059059627503600054
455,3,8,no,1,-0.0041064676986638515,0.0041064676986638515
1327,3,11,yes,10,-0.04364341120592974,0.04364341120592974
811,3,9,no,1,-0.0064588943083874195,0.0064588943083874195
285,3,7,no,5,0.026773986702006924,0.026773986702006924
812,3,9,no,11,-0.07363660968760433,0.07363660968760433
1328,3,11,no,15,0.06273648614741811,0.06273648614741811
1329,3,11,no,1,-0.0036768586438180595,0.0036768586438180595
1128,3,10,no,6,0.027070688139649746,0.027070688139649746
1129,3,10,yes,1,0.004252962151704676,0.004252962151704676
1330,3,11,no,1,-0.0037472034806167454,0.0037472034806167454
286,3,7,no,3,-0.015851353919253408,0.015851353919253408
287,3,7,no,6,-0.033592099928005936,0.033592099928005936
456,3,8,yes,3,-0.012759153207483886,0.012759153207483886
1670,5,21,yes,1,0.0008886702091033122,0.0008886702091033122
813,3,9,no,1,0.0068484456234291224,0.0068484456234291224
1130,3,10,no,1,0.004179558286804386,0.004179558286804386
288,3,7,yes,1,0.0057680800157665635,0.0057680800157665635
289,3,7,yes,1,0.005701604461620269,0.005701604461620269
1331,3,11,no,5,-0.0198092154448245,0.0198092154448245
1671,5,21,yes,1,0.0009120007430160615,0.0009120007430160615
1131,3,10,no,1,-0.004179558286804386,0.004179558286804386
290,3,7,yes,8,-0.047407544317497274,0.047407544317497274
814,3,9,yes,1,0.0068248316823924515,0.0068248316823924515
815,3,9,no,5,0.03368400541030114,0.03368400541030114
291,3,7,no,13,0.07488540531527821,0.07488540531527821
1332,3,11,no,10,-0.045120093386459725,0.045120093386459725
457,3,8,no,11,0.043599528224553374,0.043599528224553374
816,3,9,no,4,-0.02688528436269133,0.02688528436269133
1614,5,19,yes,1,0.0009120007430160615,0.0009120007430160615
1132,3,10,no,1,-0.004252962151704676,0.004252962151704676
1595,5,18,yes,1,0.0008886702091033122,0.0008886702091033122
458,3,8,yes,1,-0.0036070974478101814,0.0036070974478101814
459,3,8,yes,1,-0.0036768586438180595,0.0036768586438180595
1333,3,11,no,1,0.00484547836750715,0.00484547836750715
1334,3,11,yes,1,0.004771406440793768,0.004771406440793768
817,3,9,yes,6,-0.04113354026239635,0.04113354026239635
818,3,9,yes,9,0.061348679973112774,0.061348679973112774
1133,3,10,yes,1,-0.004326632768974825,0.004326632768974825
292,3,7,yes,1,0.005283976781832678,0.005283976781832678
819,3,9,no,2,-0.013444986864202035,0.013444986864202035
820,3,9,yes,2,-0.0135688738941242,0.0135688738941242
821,3,9,no,1,0.0067987210476098126,0.0067987210476098126
293,3,7,yes,15,0.07045020892297416,0.07045020892297416
1335,3,11,no,2,0.009320205058470199,0.009320205058470199
1134,3,10,yes,13,0.05060692654796306,0.05060692654796306
294,3,7,no,7,-0.03080598703117088,0.03080598703117088
295,3,7,no,1,-0.004697221546987929,0.004697221546987929
296,3,7,no,2,-0.009616884808300918,0.009616884808300918
1135,3,10,no,1,-0.0034694475658122448,0.0034694475658122448
1136,3,10,yes,9,0.028844276009571734,0.028844276009571734
297,3,7,yes,1,-0.0049193757633081425,0.0049193757633081425
1137,3,10,no,1,-0.0029474764738243175,0.0029474764738243175
1138,3,10,no,1,-0.0030100010790551357,0.0030100010790551357
1139,3,10,no,1,-0.003073338017522187,0.003073338017522187
1336,3,11,yes,11,0.04599221896451311,0.04599221896451311
1337,3,11,yes,3,0.011031159572244986,0.011031159572244986
822,3,9,yes,1,-0.0067987210476098126,0.0067987210476098126
1338,3,11,no,7,-0.026733907318405636,0.026733907318405636
1339,3,11,no,1,0.00403373492910708,0.00403373492910708
1140,3,10,no,1,-0.003137471938287395,0.003137471938287395
298,3,7,yes,1,0.0049193757633081425,0.0049193757633081425
1340,3,11,yes,7,0.026238123146895997,0.026238123146895997
1341,3,11,yes,12,-0.047137478982150816,0.047137478982150816
1342,3,11,no,2,0.0085795949206795,0.0085795949206795
1343,3,11,no,1,-0.004252962151704676,0.004252962151704676
1344,3,11,no,9,-0.04160694871125881,0.04160694871125881
1345,3,11,no,10,0.04585991086296348,0.04585991086296348
299,3,7,yes,1,-0.0049193757633081425,0.0049193757633081425
300,3,7,yes,10,0.04585991086296348,0.04585991086296348
301,3,7,no,12,-0.055919338644010996,0.055919338644010996
460,3,8,yes,2,0.007283956091628241,0.007283956091628241
1141,3,10,no,15,-0.055233872562354014,0.055233872562354014
1142,3,10,no,1,0.004179558286804386,0.004179558286804386
1346,3,11,yes,1,0.004179558286804386,0.004179558286804386
1143,3,10,no,17,0.060275125310414346,0.060275125310414346
1144,3,10,no,1,-0.0030100010790551357,0.0030100010790551357
302,3,7,no,2,-0.010351311992158774,0.010351311992158774
461,3,8,no,12,0.038092922985058064,0.038092922985058064
462,3,8,no,1,-0.0028249181734271156,0.0028249181734271156
303,3,7,no,11,0.05329053407559803,0.05329053407559803
463,3,8,no,1,-0.002885778044461773,0.002885778044461773
1347,3,11,yes,5,0.0198092154448245,0.0198092154448245
304,3,7,no,1,-0.004474578305496801,0.004474578305496801
464,3,8,no,1,-0.0029474764738243175,0.0029474764738243175
465,3,8,yes,1,-0.0030100010790551357,0.0030100010790551357
1348,3,11,no,1,-0.003818099192726798,0.003818099192726798
305,3,7,no,11,-0.054099932551933905,0.054099932551933905
466,3,8,yes,1,0.0030100010790551357,0.0030100010790551357
467,3,8,yes,1,0.0029474764738243175,0.0029474764738243175
306,3,7,no,1,-0.00535544554716183,0.00535544554716183
823,3,9,yes,1,0.0067987210476098126,0.0067987210476098126
824,3,9,yes,4,-0.027341525642523345,0.027341525642523345
468,3,8,no,1,0.002885778044461773,0.002885778044461773
1145,3,10,no,1,-0.003073338017522187,0.003073338017522187
469,3,8,no,1,0.0028249181734271156,0.0028249181734271156
1146,3,10,no,5,-0.01634401287335785,0.01634401287335785
470,3,8,no,1,-0.0028249181734271156,0.0028249181734271156
1349,3,11,no,9,0.03186081208856473,0.03186081208856473
1147,3,10,yes,13,-0.05060692654796306,0.05060692654796306
1350,3,11,no,1,-0.003268061499241748,0.003268061499241748
1351,3,11,yes,12,-0.04458386684142068,0.04458386684142068
1352,3,11,no,20,0.06893329800212755,0.06893329800212755
1353,3,11,no,1,0.0027649078318606746,0.0027649078318606746
1354,3,11,yes,12,-0.0373198800593213,0.0373198800593213
825,3,9,yes,1,0.006869527289091959,0.006869527289091959
1672,5,21,yes,1,0.0009358963557673378,0.0009358963557673378
1148,3,10,no,1,0.004326632768974825,0.004326632768974825
307,3,7,yes,1,-0.0054262663116700915,0.0054262663116700915
826,3,9,no,1,0.0068484456234291224,0.0068484456234291224
1355,3,11,no,5,-0.018387209522569226,0.018387209522569226
1149,3,10,yes,12,-0.056805756894206194,0.056805756894206194
1150,3,10,no,15,0.06934474503137911,0.06934474503137911
1356,3,11,no,5,-0.02017067453890209,0.02017067453890209
471,3,8,yes,1,-0.002885778044461773,0.002885778044461773
472,3,8,no,3,-0.00903081557040164,0.00903081557040164
1151,3,10,no,2,-0.008286025985468237,0.008286025985468237
1152,3,10,no,1,0.004179558286804386,0.004179558286804386
473,3,8,no,4,-0.012942397849340592,0.012942397849340592
1357,3,11,yes,2,0.008286025985468237,0.008286025985468237
1566,5,17,yes,2,0.0020484369162788105,0.0020484369162788105
1358,3,11,yes,1,0.00403373492910708,0.00403373492910708
1359,3,11,no,1,0.003961402534739644,0.003961402534739644
1567,5,17,no,1,-0.0010373521350486442,0.0010373521350486442
827,3,9,yes,1,-0.0068484456234291224,0.0068484456234291224
1153,3,10,no,20,-0.09757793654902602,0.09757793654902602
1568,5,17,yes,9,0.010358702439065101,0.010358702439065101
1154,3,10,no,1,0.005565672514303843,0.005565672514303843
308,3,7,yes,1,0.0054262663116700915,0.0054262663116700915
1155,3,10,yes,8,0.04197279488495431,0.04197279488495431
1156,3,10,yes,4,0.01923348211859699,0.01923348211859699
1157,3,10,yes,1,0.00462298351148227,0.00462298351148227
474,3,8,no,1,-0.003401615024017257,0.003401615024017257
309,3,7,no,1,-0.0054262663116700915,0.0054262663116700915
310,3,7,yes,4,0.0212776202309235,0.0212776202309235
475,3,8,no,1,-0.0034694475658122448,0.0034694475658122448
1158,3,10,no,1,-0.00462298351148227,0.00462298351148227
311,3,7,yes,1,-0.0052119315902589,0.0052119315902589
828,3,9,yes,1,0.0068484456234291224,0.0068484456234291224
829,3,9,yes,1,0.0068248316823924515,0.0068248316823924515
1360,3,11,yes,1,0.0038895110895871277,0.0038895110895871277
1569,5,17,no,1,-0.0012708013868579435,0.0012708013868579435
830,3,9,yes,1,0.0067987210476098126,0.0067987210476098126
1361,3,11,yes,1,-0.0038895110895871277,0.0038895110895871277
1570,5,17,no,6,-0.006986308359563549,0.006986308359563549
312,3,7,no,1,-0.005283976781832678,0.005283976781832678
313,3,7,yes,1,0.005283976781832678,0.005283976781832678
1631,5,20,yes,1,0.0009854271973470732,0.0009854271973470732
314,3,7,no,10,0.04881595577010123,0.04881595577010123
315,3,7,no,2,-0.00917173387829795,0.00917173387829795
316,3,7,no,1,-0.004697221546987929,0.004697221546987929
1159,3,10,yes,4,0.018046833823686992,0.018046833823686992
476,3,8,no,3,0.010205541066753754,0.010205541066753754
1673,5,21,yes,1,0.0009603681248038787,0.0009603681248038787
317,3,7,no,1,-0.004771406440793768,0.004771406440793768
318,3,7,yes,1,0.004771406440793768,0.004771406440793768
1362,3,11,yes,1,0.0038895110895871277,0.0038895110895871277
319,3,7,yes,1,0.004697221546987929,0.004697221546987929
320,3,7,no,1,0.00462298351148227,0.00462298351148227
321,3,7,yes,5,-0.02385646563007926,0.02385646563007926
477,3,8,yes,1,0.003268061499241748,0.003268061499241748
1160,3,10,no,1,0.004326632768974825,0.004326632768974825
1161,3,10,yes,2,0.008432520438509061,0.008432520438509061
831,3,9,yes,12,-0.082744051564061,0.082744051564061
832,3,9,no,11,0.07594533051645119,0.07594533051645119
478,3,8,yes,1,-0.003268061499241748,0.003268061499241748
833,3,9,yes,1,0.0067987210476098126,0.0067987210476098126
1162,3,10,yes,1,0.0041064676986638515,0.0041064676986638515
322,3,7,yes,1,0.0049193757633081425,0.0049193757633081425
1571,5,17,no,11,-0.010326553852808566,0.010326553852808566
1163,3,10,no,14,-0.06420536462947923,0.06420536462947923
1164,3,10,yes,1,0.005066392393269226,0.005066392393269226
1165,3,10,yes,1,-0.005066392393269226,0.005066392393269226
479,3,8,yes,1,-0.003334478476924252,0.003334478476924252
1166,3,10,yes,10,0.047339743723331495,0.047339743723331495
1363,3,11,no,7,0.025258272112398727,0.025258272112398727
1167,3,10,yes,1,0.004326632768974825,0.004326632768974825
834,3,9,no,1,-0.0067987210476098126,0.0067987210476098126
835,3,9,yes,1,0.0067987210476098126,0.0067987210476098126
836,3,9,yes,4,0.02688528436269133,0.02688528436269133
1632,5,20,yes,1,0.0010110847812301663,0.0010110847812301663
837,3,9,no,3,-0.020115131516176943,0.020115131516176943
1168,3,10,no,1,-0.004326632768974825,0.004326632768974825
480,3,8,yes,20,-0.081524003383449,0.081524003383449
481,3,8,no,1,0.004771406440793768,0.004771406440793768
482,3,8,yes,8,0.03550320857815881,0.03550320857815881
1169,3,10,no,8,0.03256836865230839,0.03256836865230839
483,3,8,no,3,-0.012759153207483886,0.012759153207483886
1170,3,10,yes,1,-0.003818099192726798,0.003818099192726798
484,3,8,yes,1,0.004326632768974825,0.004326632768974825
1633,5,20,yes,8,0.009087901052207158,0.009087901052207158
485,3,8,no,1,0.004252962151704676,0.004252962151704676
486,3,8,no,2,0.008286025985468237,0.008286025985468237
838,3,9,yes,20,-0.13789826172468372,0.13789826172468372
839,3,9,yes,8,-0.05398948658119168,0.05398948658119168
1634,5,20,no,9,-0.010098985833437324,0.010098985833437324
840,3,9,yes,1,0.006632203865068964,0.006632203865068964
841,3,9,no,1,0.0066701446519749075,0.0066701446519749075
323,3,7,yes,1,-0.0049193757633081425,0.0049193757633081425
842,3,9,no,2,0.013444986864202146,0.013444986864202146
1364,3,11,no,1,0.003334478476924252,0.003334478476924252
843,3,9,yes,1,-0.006739169629111863,0.006739169629111863
324,3,7,no,1,-0.0049930353877782885,0.0049930353877782885
844,3,9,yes,6,0.04085084811814965,0.04085084811814965
487,3,8,no,14,-0.06420536462947923,0.06420536462947923
488,3,8,no,2,0.010059427781047514,0.010059427781047514
845,3,9,yes,6,0.041514530025016205,0.041514530025016205
1171,3,10,yes,1,0.003818099192726798,0.003818099192726798
489,3,8,yes,1,0.0049193757633081425,0.0049193757633081425
490,3,8,no,10,0.045120093386459725,0.045120093386459725
491,3,8,yes,1,-0.004179558286804386,0.004179558286804386
846,3,9,no,7,-0.04838405731410833,0.04838405731410833
847,3,9,yes,1,0.0068695272890921255,0.0068695272890921255
325,3,7,no,1,0.0049930353877782885,0.0049930353877782885
492,3,8,yes,9,0.035019933303873874,0.035019933303873874
848,3,9,yes,1,0.00688804475647703,0.00688804475647703
849,3,9,no,5,0.034626485268539176,0.034626485268539176
850,3,9,no,4,-0.0277225154051432,0.0277225154051432
851,3,9,no,1,0.006917278298890717,0.006917278298890717
326,3,7,yes,11,-0.05887418201444017,0.05887418201444017
852,3,9,yes,8,0.055498470109026365,0.055498470109026365
1172,3,10,no,1,-0.003818099192726798,0.003818099192726798
1365,3,11,yes,1,-0.003334478476924252,0.003334478476924252
327,3,7,no,8,0.04367537383149278,0.04367537383149278
1366,3,11,yes,1,-0.003401615024017257,0.003401615024017257
853,3,9,yes,10,-0.06931971827131306,0.06931971827131306
493,3,8,yes,1,-0.0036070974478101814,0.0036070974478101814
854,3,9,yes,4,0.02768516547079497,0.02768516547079497
1173,3,10,no,1,-0.0038895110895871277,0.0038895110895871277
494,3,8,yes,1,-0.0036768586438180595,0.0036768586438180595
1174,3,10,no,1,-0.003961402534739644,0.003961402534739644
1367,3,11,yes,1,-0.0034694475658122448,0.0034694475658122448
1596,5,18,yes,6,0.005842129337213162,0.005842129337213162
495,3,8,no,2,-0.0075653026733435436,0.0075653026733435436
1597,5,18,no,9,-0.008440353768454704,0.008440353768454704
1368,3,11,no,1,-0.003537950757597441,0.003537950757597441
328,3,7,no,4,0.02011818394625553,0.02011818394625553
329,3,7,no,1,-0.0049193757633081425,0.0049193757633081425
330,3,7,yes,1,0.0049193757633081425,0.0049193757633081425
496,3,8,no,1,-0.0038895110895871277,0.0038895110895871277
1175,3,10,no,7,0.026238123146895997,0.026238123146895997
1369,3,11,no,11,-0.043599528224553374,0.043599528224553374
855,3,9,no,10,-0.06868488871630979,0.06868488871630979
856,3,9,yes,2,0.013568873894124145,0.013568873894124145
331,3,7,yes,1,-0.0049193757633081425,0.0049193757633081425
857,3,9,yes,14,0.09675056762270373,0.09675056762270373
1370,3,11,yes,15,0.05734302004890457,0.05734302004890457
858,3,9,no,1,0.006917278298890772,0.006917278298890772
497,3,8,no,4,-0.01628116344931496,0.01628116344931496
1176,3,10,yes,1,0.0034694475658122448,0.0034694475658122448
859,3,9,yes,1,0.00690396986339592,0.00690396986339592
860,3,9,no,5,-0.034626485268539176,0.034626485268539176
1615,5,19,yes,1,0.0009358963557673378,0.0009358963557673378
332,3,7,no,16,-0.08835630786848281,0.08835630786848281
333,3,7,yes,11,0.06266159131344384,0.06266159131344384
861,3,9,no,2,-0.013887995896521399,0.013887995896521399
498,3,8,no,2,-0.0085795949206795,0.0085795949206795
862,3,9,no,2,0.013887995896521399,0.013887995896521399
334,3,7,yes,2,0.010495908372091578,0.010495908372091578
863,3,9,yes,2,0.013877287424482243,0.013877287424482243
864,3,9,no,1,-0.006935967626738093,0.006935967626738093
335,3,7,no,1,0.0051393804018998734,0.0051393804018998734
865,3,9,no,1,0.006935967626738093,0.006935967626738093
1177,3,10,no,3,-0.010614495771219867,0.010614495771219867
336,3,7,yes,1,0.005066392393269226,0.005066392393269226
337,3,7,no,1,-0.005066392393269226,0.005066392393269226
866,3,9,no,9,0.06174892108957175,0.06174892108957175
1371,3,11,yes,4,0.012681257389938527,0.012681257389938527
1372,3,11,yes,1,-0.003073338017522187,0.003073338017522187
867,3,9,no,5,-0.03411167848903773,0.03411167848903773
868,3,9,no,1,-0.006888044756477085,0.006888044756477085
499,3,8,yes,3,0.012759153207483886,0.012759153207483886
869,3,9,no,10,-0.06931971827131306,0.06931971827131306
500,3,8,yes,4,0.015991116252097703,0.015991116252097703
338,3,7,no,2,0.010059427781047514,0.010059427781047514
501,3,8,no,1,0.003818099192726798,0.003818099192726798
339,3,7,yes,2,0.009764854130815293,0.009764854130815293
502,3,8,yes,1,0.0037472034806167454,0.0037472034806167454
870,3,9,yes,1,0.00692794968177024,0.00692794968177024
1572,5,17,yes,1,0.0008219595267588975,0.0008219595267588975
1674,5,21,yes,1,0.0009854271973470732,0.0009854271973470732
1373,3,11,no,1,-0.003137471938287395,0.003137471938287395
340,3,7,no,1,-0.00484547836750715,0.00484547836750715
871,3,9,yes,1,0.006935967626738038,0.006935967626738038
1573,5,17,yes,1,0.0008436604672766614,0.0008436604672766614
1675,5,21,yes,14,0.016782916140222023,0.016782916140222023
872,3,9,yes,1,-0.006935967626738038,0.006935967626738038
503,3,8,no,1,-0.0037472034806167454,0.0037472034806167454
341,3,7,no,1,0.00484547836750715,0.00484547836750715
342,3,7,yes,1,-0.00484547836750715,0.00484547836750715
1676,5,21,no,1,-0.0014042374014612488,0.0014042374014612488
1574,5,17,no,5,0.004562829187552159,0.004562829187552159
343,3,7,no,5,-0.02533011553651443,0.02533011553651443
1677,5,21,no,12,-0.014367593957530608,0.014367593957530608
873,3,9,yes,1,0.006935967626738038,0.006935967626738038
1635,5,20,yes,8,0.008859737516424805,0.008859737516424805
874,3,9,yes,1,0.006941319797744205,0.006941319797744205
875,3,9,yes,1,0.006943997948260672,0.006943997948260672
876,3,9,no,1,0.006943997948260727,0.006943997948260727
344,3,7,no,7,0.03494700034481535,0.03494700034481535
504,3,8,no,5,0.018038557895654672,0.018038557895654672
1636,5,20,yes,1,0.0012392483170125188,0.0012392483170125188
1637,5,20,no,11,-0.012044781155588276,0.012044781155588276
1178,3,10,yes,10,-0.03999243077674319,0.03999243077674319
877,3,9,yes,1,0.00694131979774415,0.00694131979774415
1179,3,10,yes,8,0.03256836865230839,0.03256836865230839
505,3,8,no,4,-0.014291354415037927,0.014291354415037927
345,3,7,yes,1,0.004697221546987929,0.004697221546987929
506,3,8,yes,6,0.021027447915979436,0.021027447915979436
1598,5,18,yes,1,0.0008436604672766614,0.0008436604672766614
507,3,8,no,1,-0.003334478476924252,0.003334478476924252
878,3,9,no,1,0.006935967626738093,0.006935967626738093
879,3,9,yes,1,0.00692794968177024,0.00692794968177024
1180,3,10,yes,16,-0.06984868459459237,0.06984868459459237
1181,3,10,yes,1,0.0049193757633081425,0.0049193757633081425
346,3,7,yes,4,-0.01923348211859699,0.01923348211859699
1182,3,10,no,16,0.06867651231190097,0.06867651231190097
347,3,7,yes,1,-0.0049930353877782885,0.0049930353877782885
1374,3,11,no,1,0.003137471938287395,0.003137471938287395
1638,5,20,yes,15,0.017324474060911726,0.017324474060911726
348,3,7,no,1,0.0049930353877782885,0.0049930353877782885
349,3,7,yes,1,0.0049193757633081425,0.0049193757633081425
508,3,8,no,1,0.003334478476924252,0.003334478476924252
1639,5,20,yes,1,0.0014042374014612488,0.0014042374014612488
1640,5,20,yes,1,0.0014394566732602587,0.0014394566732602587
1375,3,11,no,1,-0.003137471938287395,0.003137471938287395
880,3,9,no,15,-0.1035492886703136,0.1035492886703136
881,3,9,no,3,-0.020215139710716423,0.020215139710716423
882,3,9,yes,1,0.006705817235090283,0.006705817235090283
1641,5,20,no,1,-0.0014394566732602587,0.0014394566732602587
883,3,9,yes,12,0.08236537814316586,0.08236537814316586
884,3,9,no,10,-0.06885605566753972,0.06885605566753972
1575,5,17,no,1,0.0009854271973470732,0.0009854271973470732
1642,5,20,yes,15,0.025735963130262746,0.025735963130262746
1643,5,20,no,1,-0.002017172974494344,0.002017172974494344
1644,5,20,yes,1,0.002017172974494344,0.002017172974494344
1183,3,10,no,1,-0.0037472034806167454,0.0037472034806167454
885,3,9,no,1,0.006798721047609868,0.006798721047609868
1645,5,20,yes,7,0.015503698284495271,0.015503698284495271
886,3,9,yes,5,0.03433481921478665,0.03433481921478665
887,3,9,yes,1,0.006917278298890717,0.006917278298890717
1376,3,11,yes,4,-0.013206540935070454,0.013206540935070454
888,3,9,no,8,0.055498470109026365,0.055498470109026365
350,3,7,yes,7,-0.03596953786550894,0.03596953786550894
1646,5,20,no,2,-0.0046855686255242585,0.0046855686255242585
889,3,9,no,3,-0.020805237106252483,0.020805237106252483
1647,5,20,no,1,-0.0022642190665268375,0.0022642190665268375
1678,5,21,yes,1,0.0010373521350486442,0.0010373521350486442
1648,5,20,no,1,-0.0022130324091241965,0.0022130324091241965
1184,3,10,yes,11,0.03745590878653471,0.03745590878653471
1679,5,21,no,12,-0.010843205424361894,0.010843205424361894
1649,5,20,no,12,-0.022884671101992812,0.022884671101992812
1185,3,10,no,9,-0.030031846662099904,0.030031846662099904
1650,5,20,yes,1,0.0016671954327226735,0.0016671954327226735
1651,5,20,no,4,-0.00643226625429618,0.00643226625429618
1599,5,18,yes,5,0.004562829187552159,0.004562829187552159
1186,3,10,yes,5,0.017350589272161376,0.017350589272161376
1652,5,20,no,1,-0.0015122014532747904,0.0015122014532747904
890,3,9,yes,6,-0.0416105113016646,0.0416105113016646
1653,5,20,no,4,-0.005688908305776855,0.005688908305776855
1654,5,20,no,1,-0.0013360527153829932,0.0013360527153829932
1377,3,11,no,1,-0.0034694475658122448,0.0034694475658122448
1187,3,10,no,1,0.003268061499241748,0.003268061499241748
1188,3,10,no,10,0.02919950698391549,0.02919950698391549
1189,3,10,no,1,-0.0026474728616409093,0.0026474728616409093
1655,5,20,no,2,-0.002573867222366466,0.002573867222366466
1656,5,20,no,1,-0.0012392483170125188,0.0012392483170125188
1657,5,20,no,12,-0.012653429937359156,0.012653429937359156
891,3,9,no,5,-0.03433481921478665,0.03433481921478665
892,3,9,no,14,0.09675056762270373,0.09675056762270373
1190,3,10,no,1,-0.0027057566289487855,0.0027057566289487855
893,3,9,yes,1,-0.00692794968177024,0.00692794968177024
894,3,9,yes,1,-0.006935967626738093,0.006935967626738093
1191,3,10,no,2,-0.00558982600528779,0.00558982600528779
895,3,9,no,17,0.1150793472039684,0.1150793472039684
896,3,9,no,1,-0.00650533374811868,0.00650533374811868
897,3,9,no,1,-0.006549739658341158,0.006549739658341158
1680,5,21,yes,17,0.01644611054293133,0.01644611054293133
898,3,9,yes,9,0.057186586178718635,0.057186586178718635
899,3,9,yes,6,-0.03767261846387138,0.03767261846387138
900,3,9,yes,1,0.006410485830370405,0.006410485830370405
1378,3,11,no,1,0.0034694475658122448,0.0034694475658122448
1681,5,21,no,1,-0.0011782316625165642,0.0011782316625165642
1682,5,21,no,10,-0.010266802793266035,0.010266802793266035
1576,5,17,yes,1,0.0010110847812301663,0.0010110847812301663
1577,5,17,no,2,0.0021015926926436085,0.0021015926926436085
1658,5,20,yes,1,0.0009120007430160615,0.0009120007430160615
1578,5,17,no,2,0.0022116873129396156,0.0022116873129396156
1579,5,17,no,4,-0.004313280005583224,0.004313280005583224
1580,5,17,yes,8,0.009087901052207158,0.009087901052207158
1379,3,11,no,12,-0.046280293778988235,0.046280293778988235
1380,3,11,yes,11,0.04281084621317599,0.04281084621317599
1581,5,17,no,1,-0.0012392483170125188,0.0012392483170125188
1582,5,17,no,8,-0.008859737516424805,0.008859737516424805
1616,5,19,yes,2,0.001945795322150952,0.001945795322150952
1683,5,21,yes,12,0.012653429937359156,0.012653429937359156
1684,5,21,no,2,-0.0023866271440931217,0.0023866271440931217
1659,5,20,yes,6,0.005994369151792064,0.005994369151792064
1660,5,20,no,7,-0.006906369894808126,0.006906369894808126
1685,5,21,yes,1,0.0011782316625165642,0.0011782316625165642
1661,5,20,yes,1,0.0009120007430160615,0.0009120007430160615
1686,5,21,no,1,-0.0011782316625165642,0.0011782316625165642
1687,5,21,no,1,-0.0011487455855182932,0.0011487455855182932
1688,5,21,yes,1,0.0011487455855182932,0.0011487455855182932
1689,5,21,no,1,-0.0011487455855182932,0.0011487455855182932
1690,5,21,no,1,-0.0011199259363911113,0.0011199259363911113
1691,5,21,no,4,-0.004204438850422279,0.004204438850422279
